image_hash,url_link,caption,relation_type
7ed4da2fa6e5a55cdf4cc66d47dd4f47,https://www.bruceclay.com/wp-content/uploads/2020/05/plug-bot-800px.jpg,Artwork of {Object} with a cheerful face and expressive features.,
90849f89066ec0de406f2296c9ee7aa0,https://cdn.abclocal.go.com/content/ktrk/images/cms/automation/vod/1687676_1280x720.jpg,"A scene featuring {Uniformed Soldiers} in formal attire, with one of them performing a gesture of respect or admiration.",
d1b54704f2c2407b4252835b28e748d0,http://www.streetandstage.com/wp-content/uploads/2011/03/fuji_superia_1600_032011017-Edit.jpg,"""Artistic representation of a {Person} breaking through a {Surface} with dynamic motion captured in mid-action.""",
6c501083a96d348c2427d4e73b7ff95c,https://64.media.tumblr.com/tumblr_mcxpl4GhUH1rp9lbfo1_400.jpg,Unique boats shaped like {Object} floating on water.,
a6692b3c62625fd8c0341520eed36b89,https://i1.wp.com/temita.jp/wp-content/uploads/2015/08/people-having-fun-with-statues-45.jpg?resize=600%2C664,Artistic depictions of {Scene} where {People} interact with {Objects} in unconventional and imaginative ways.,
83bbcdeafc38a92414c13d164885d645,https://ct.liveyourtruth.com/wp-content/uploads/2019/07/3-Steps-to-Protect-Yourself-from-Other%E2%80%99s-Toxic-Energy-780x521.jpg,"Visual representation of a {Object} standing out among others due to its unique {Color}, {Shape}, or {Feature}.",
9c05bdfd250e150b3d30eaea5e76f604,https://us.123rf.com/450wm/cobalt/cobalt1012/cobalt101200030/8447505-pearls-realistic-illustration.jpg?ver=6,"""Examples of {Object} in various {Colors} with differences in {Shape} and {Texture}.""",
af71abf85752986be671e3bc086f7df5,https://www.musher-experience.com/wp-content/uploads/2016/10/Funny-Jumping-Dogs-Series-10.jpeg,Snapshots of {Subject} captured mid-air during dynamic jumps or leaps.,
7dfa626a24e15be3be2997a0c75ffab3,https://us.123rf.com/450wm/anetlanda/anetlanda1804/anetlanda180401226/114909316-music-singing-concept-blonde-musically-talented-woman-holding-electric-guitar-on-black-background.jpg?ver=6,Intricate visual merging of {Object 1} and {Object 2} forming a unique {Shape}.,
09e1ff650a42713d2f3b9e3cc9e52ae9,https://cdn2.picryl.com/photo/2014/05/09/tract-2-frame-drop-test-at-nasa-langley-research-centers-landin-d6fb63-1024.jpg,The {Equipment} is carefully lifted using a {Lifting Device} for transport or relocation.,
c3e38d666d637678ee4f97351dc34deb,https://i.pinimg.com/736x/95/34/dc/9534dc8290b9f3092d26f087e09981f9--black-phone-wallpaper-tumblr-iphone-wallpaper.jpg,"""Representation of {Object} combining elements of {Yin} and {Yang} to symbolize balance and duality in {Context}"".",
16d56c66779b2f4198f02231fc5ac4c7,https://cdn03.plentymarkets.com/58wt672estda/item/images/233338/secondPreview/Glasbild-Bebrillte-Tiere-Eule-Quadrat-1-1-233338_4.jpg,A {Animal} with a {Accessory} added for a quirky look.,
28f2d5745f3c953873661ac04dccc4b4,https://render.fineartamerica.com/images/rendered/search/print/images-medium-5/planet-tripler-dan-mcmanus.jpg,A 360-degree view of {Landscape/Urban Environment} shown in a tiny planet format.,
4f29c74e96b22d56782389fecf540418,https://us.123rf.com/450wm/adam121/adam1211610/adam121161002745/64570650-young-woman-flying-high-in-blue-sky.jpg?ver=6,"A scene of {People} with {Wings}, floating in the air above a {Cityscape}.",
d1b80a532a2336ec9cea770c9d7c040d,http://tse4.mm.bing.net/th?id=OIP.b4GMaBFE4zgXVhkGpy6gtQHaEQ,Step-by-step process of coloring in a {Character} illustration using {Color} and {Tool}.,
b04eea3eca34bc907a7d964238a237e2,https://www.dailydogtag.com/wp-content/uploads/2015/05/April-Ziegler-Photography-Boxer-Bunny-ears.jpg,Animals dressed as {Character} with {Props} for a playful or themed appearance.,
39e8d8fe73e347e3d8d627c20c2cbf1b,https://www.topteny.com/wp-content/uploads/2015/01/Christ-of-the-Abyss-at-San-Fruttuoso-Italy-near-Portofino.jpg,"A {Statue} of {Subject} submerged in water, surrounded by marine life and illuminated by sunlight.",
4993b19f5638fe7afbcffee02d285c53,https://justpaste.it/files/justpaste/pk01.jpg,"A scene where {Character} transforms a {Destructive Object} into a {Constructive Object}, symbolizing {Concept}.",
7711e24d040126c44316fa431bc24f6a,https://cdn11.bigcommerce.com/s-4192d/images/stencil/500x500/products/2469/15259/BEAR-LARGE-Lauren-Mortimer-ofcabbagesandkings__48388.1625156583.jpg?c=2,"""Artwork depicting a surreal pairing between an oversized {Animal} and a human-sized {Character} in a whimsical interaction.""",
6fd85bfd71dc26d4ff5fa811ebd2eaa3,"https://ih1.redbubble.net/image.660673795.3704/aps,504x498,small,transparent-pad,600x600,f8f8f8.u4.jpg","Depictions of anthropomorphic {Object 1} and {Object 2} holding hands, showcasing their relationship.",
662d697a8699eb18432b2734753e9f20,https://us.123rf.com/450wm/krisdog/krisdog1911/krisdog191100170/134309726-stock-vector-young-medical-doctor-super-hero-cartoon-mascot.jpg?ver=6,"Representation of {Person} with their {Occupation} shadow, showcasing their hidden {Role or Profession} identity.",
30275ce2c439db0c3a9d63012cd3d1bb,https://3.bp.blogspot.com/-iCYdWr29lLE/Va_LGdo67xI/AAAAAAAAi2Q/SbhL5oLFHe0/s1600/03-Martin-Freeman-Dr-John-Watson-Sherlock-Holmes-Muthahari-Insani-Beautifully-Detailed-Ink-Drawings-and-Doodles-www-designstack-co.jpg,A detailed illustration of a {Object} crafted through precise {Lines} on a {Surface}.,
92eb97f264850ac9202b14074f8ee10b,https://www.gannett-cdn.com/presto/2018/11/12/PNJM/28f5c0a1-8b8e-4730-bd0a-0822fec79221-GettyImages-856571658.jpg?width=540&height=&fit=bounds&auto=webp,"""Imaginative use of {Faces} and {Emojis} drawn on fingers to represent various {Emotions} or {Concepts}.""",
c22ef5e125f267404c441201931504f8,https://i.pinimg.com/736x/9b/f0/80/9bf08096fa8e112dd0d7855d785300d4--view-source.jpg,A unique creation made with {Fruit} to form a {Animal} figure.,
1da8a0b25ba0bbe51d5180c67c52c443,http://rlv.zcache.com/hoops_anyone_hamster_basketball_aceo_art_cards_business_card-r3b90257cb0234dd5890ba81d777f7e38_i57nz_8byvr_324.jpg,A creative drawing of a {Animal} interacting with a {Sport Equipment}.,
4e70c38d343288f144e27aa073c403c7,https://media-mbst-pub-ue1.s3.amazonaws.com/creatr-uploaded-images/2020-07/78fe99f0-cf56-11ea-8dd7-d133a3964477,A scene where a {Vehicle} is surrounded by a {Group of Animals} in a {Setting}.,
9cc3a2d4f45a244115ba0e102e803e59,"https://ctl.s6img.com/society6/img/AHv95isolmk3-7Lkp06Zc28Uxck/h_264,w_264/metal-prints/2x3/front/~artwork/s6-original-art-uploads/society6/uploads/misc/f38cc9c3da0d4487b3113dd5fb9ebd6c/~~/little-house-in-a-wooden-cart-metal-prints.jpg?wait=0&attempt=0","Unusual {Scene} blending surreal and realistic elements, with an unexpected pairing of {Object 1} and {Object 2} for a striking effect.",
9068d745647541816b1f4124fc9ebd31,https://www.city.ac.uk/__data/assets/image/0006/624282/varieties/breakpoint-max.jpg,The {Shape} formed by gathering {People} together.,
963e3dae779035cffa15738cc84ec655,https://fineartamerica.com/renderer/renderer.php?imgUrl=http://fineartamerica.com/images-medium-5/long-strange-trip-east-coast-barrier-islands-betsy-a-cutler.jpg&imgWI=8.00&imgHI=5.25&sku=111MBLK&mat1=PM3297&mat2=&t=2&b=2&l=2&r=2&off=0.5&paper=paper7&finish=ca18&mounttype=&gallerywrap=&frameW=0.375&maxW=500&maxH=700&&img=1387706953-99d435c291ced269b6cf358e4d0e79bd.jpg,Artwork depicting {Scene} with {Characters} and surreal elements like {Objects} or {Themes} integrated into their surroundings.,
bcbe4a325741f8bd04a1cfdbe48f5b92,https://ytimg.googleusercontent.com/vi/yh1RawtEDW4/hqdefault.jpg,"""Action shot capturing a {BMX Rider} performing a {Stunt} on their {BMX Bike} in a {Outdoor Setting}.""",
b330a67c169b2241b543b9f27c23719c,https://1.bp.blogspot.com/-cWISGGaNtBY/VVJeCsQmkVI/AAAAAAAAZEA/JGxVd3H3hvI/s640/andreaslie1.jpg,"""Double exposure of {Animal} blending with the natural environment featuring {Floral Element}.""",
ad20d0da81c25ec3452cc45023cf4a93,https://us.123rf.com/450wm/cteconsulting/cteconsulting1302/cteconsulting130200081/18025582-an-image-of-a-couch-potato-watching-tv-.jpg?ver=6,A portrayal of a {Living Thing} interacting with a {Non-Living Object} in a humorous and imaginative way.,
37bc82948f24c2a458784893ba1bfb48,http://d2jv9003bew7ag.cloudfront.net/uploads/Ilse-Gropius-sits-in-%E2%80%9CThe-Kandinsky%E2%80%9D-chair-by-Marcel-Breuer-1926-via-thecharnelhouse-org-865x577.jpg,Artistic portrayals featuring {Human Figure} with {Animal Features}.,
c017af4699db8f7c85fabef6581d8681,https://img.designswan.com/2015/04/Bolt/4.jpg,Artistic sculptures portraying {Figures} with unique blends of {Materials} and {Shapes}.,
4ea5c15b691add957df3e5bac9c41293,https://us.123rf.com/450wm/alexlmx/alexlmx1704/alexlmx170400384/76352565-birdcage-with-a-lightbulb-inside-3d-rendering-isolated-on-white-background.jpg?ver=6,An illustration of {Object} trapped inside a {Shape} to symbolize confinement or restriction.,
c72983761fe1d3bfa9c6b15e1b4b9ad0,https://www.gannett-cdn.com/presto/2018/11/19/PMJS/caca82e1-70af-4b5f-98e3-f646d68f8da5-IMG_3123.JPG?width=540&amp;height=405&amp;fit=bounds&amp;auto=webp,"A {Tree} with a {Hat} on top, symbolizing a playful touch to nature.",
693c1e35439c42529cb43a6ad203fbc7,https://i.chirkup.me/00/00/70/7091_728x.jpg,A {Human Hand} holding a {Animal} in an intimate and gentle manner.,
32f0ce654905006c32a4b5f51fcda15a,https://piximitmilch.at/wp-content/uploads/2016/08/Iced-Coffee-Brickmakers_PiximitMilch.jpg,Cleverly crafted {Food} designed as the face of a {Animal}.,
bbe72d57663f70d6767482c1d7555630,"https://hips.hearstapps.com/hmg-prod.s3.amazonaws.com/images/directly-above-shot-of-breakfast-cereals-on-spoons-royalty-free-image-1589867231.jpg?crop=1.00xw:0.668xh;0,0.239xh&resize=640:*","An assortment of {Food Items} displayed on spoons, featuring various {Ingredients} and {Shapes}.",
4cc60c620c6b1508598f92278e7aa29f,https://cdn.shopify.com/s/files/1/1917/6601/files/2015-09-bigstock-group-of-pets-dog-cat-bird-44783536.jpg,A photo featuring diverse {Animals} from different species interacting together.,
c4c289bb2dd478720fc514c33540b3b7,https://s.yimg.com/ny/api/res/1.2/QPuhsxYQMjvDZ2HgpLvoIw--/YXBwaWQ9aGlnaGxhbmRlcjt3PTk2MDtoPTYzOQ--/https://s.yimg.com/uu/api/res/1.2/IgEBnkPoWSvNQeH58M2ncg--~B/aD01MTE7dz03Njg7YXBwaWQ9eXRhY2h5b24-/https://media.zenfs.com/en/afp.com.au/55358cd0bad9466ab5df5c0c2a2769fa,Performers showcasing pole vault techniques in their upward leap using a {Pole} against a {Bar}.,
b4077bc6ca263759bebfdf1fddad0c8a,"https://i.kinja-img.com/gawker-media/image/upload/s--6opiWtjW--/c_scale,f_auto,fl_progressive,q_80,w_800/loy750oexgkqgugsat5w.png",Creative illustration of {Animal} wearing modern {Clothing} on a bold {Color} background.,
0ee636d50d05f4f0d1f4fbfacf916305,https://www.meiklejohn.co.uk/sites/default/files/styles/multi_portfolio/public/Garry_Parsons_Hero_Image_portfolio_1_MJN.jpg?itok=qZXQM4BM,"A hot air balloon carrying {People} above a cityscape, floating over buildings and clouds.",
cf878156a1de4129f8cd64970a7d5c10,https://www.directive.com/images/easyblog_images/13843/b2ap3_thumbnail_ftygwg400.jpg,A depiction of {Shape} formed by merging {Count} unique {Objects}.,
b871037dbabc6ba1832c7319857b4b14,https://i.pinimg.com/736x/c2/58/28/c258285cea4d39f913271fd8acfe9f67.jpg,"""Creative ice sculptures shaped into various {Shapes} or {Figures} in snowy outdoor settings.""",
a8859d2c5d4c8f3b32bfc1d36247cca3,https://thomasdemol.co.uk/wp-content/uploads/2021/03/The-wellbeing-farm-wedding-photography-18.jpg,"A wedding scene featuring {Animal} in {Clothing}, with {People} in the background.",
252db3566b132cd32e92bcd07fbb15e7,https://www.richardsandcophotography.co.uk/media/7237/wedding-photography-under-the-stars.jpg?anchor=center&amp;mode=crop&amp;quality=85&amp;width=0&amp;height=700&amp;rnd=131799311690000000,"A scene of {People} gazing at the {Sky}, surrounded by {Stars} or {Clouds}.",
73613cc62c3a8f35886cde7e30bf569b,https://i.ytimg.com/vi/9Hn7Lntubtc/0.jpg,An illustration highlighting the right ({Option 1}) and wrong ({Option 2}) approaches for {Topic}.,
4df6eae42ea81c13472bb4c9653ccd4b,https://i1.wp.com/metro.co.uk/wp-content/uploads/2014/05/ad_1349032691.jpg?quality=90&,A visual history of {Superhero} through different {Decades} and {Film/Comics} representations.,
99cf01a79020bbea7fef7b6c93465888,http://i0.wp.com/laughingsquid.com/wp-content/uploads/3103lg.jpg?fit=561%2C796,Artistic portrayal of {Object} sculpted from {Material}.,
d57106a8e577bb98be696499c5e1ce0d,https://us.123rf.com/450wm/adogslifephoto/adogslifephoto1502/adogslifephoto150200082/36916289-a-funny-looking-hairless-sphinx-breed-cat-wearing-vintage-style-glasses-and-a-long-pearl-necklace.jpg?ver=6,An image of a {Animal} wearing stylish {Accessories} in a fashionable look.,
598f5377132abcf111218fd32741ed8e,https://cdn.shopify.com/s/files/1/0687/2347/products/product-image-88246382_1024x1024@2x.jpg?v=1571271642,An artistic depiction of a {Animal} featuring a drippy {Colorful Design}.,
daf74f7119de4a1d9c13613b0b742067,https://cdn.eyeem.com/thumb/807e4cef1edfb7f5d2a0a486e0840f25a1ae4df0-1488635053014/w/1280?watermark=false,An aerial view of {Location} with various {Groups} of {Objects} or {People} spread across the scene.,
8b4b1210c32e88b755e9614150ccdf04,https://i.pinimg.com/736x/85/fa/e1/85fae1ae1a84a8bf978d9c6cc11abd18--cute-couples-dog-day.jpg,Animals sporting {Sunglasses} for a stylish appearance.,
28430f98538a348b51b515d729fd4f6a,https://i.pinimg.com/736x/76/86/e7/7686e75bbe44c5da9a776d25d9fcd879.jpg,Artistic use of {Food Items} shaped like {Objects} or {Characters}.,
07c86cca3630bcac0db91abe1b70ac59,https://caitlinfree.com/wp-content/uploads/2014/08/Guadalupe-Greatwhitesharks47(pp_w768_h766).jpg,Exploring the underwater world with {Marine Life} while standing on a {Structure}.,
a16ed0395b789c5c9fb66eda37d6e811,https://us.123rf.com/450wm/dendron/dendron0807/dendron080700181/3353048-a-young-man-doing-a-handstand-on-the-beach.jpg,"People performing {Handstand} in various {Locations}, showing off their balance and strength.",
7f5d3ed0e2523f311a520176b297a2e9,https://us.123rf.com/450wm/darval/darval1605/darval160500012/58883396-representation-of-women-do-not-fit-in-a-swimsuit-like-apple-and-pear.jpg?ver=6,Creatively designed {Fruits} shaped as {Characters} engaging in fun activities like relaxing under an umbrella.,
38b0e3b8d7275faaedc05143744e6c30,https://img.izismile.com/img/img10/20171214/640/3d_tattoos_that_amaze_with_how_real_they_look_640_09.jpg,Intricate tattoos featuring {Object} seamlessly integrated into the {Skin}.,
34043f018d9e348e87ff19b467ff2d0d,https://static.straitstimes.com.sg/s3fs-public/styles/xxx_large/public/articles/2015/10/01/36229704.1_36238710_-_01_10_2015_-_tip01oct.jpg,"A long exposure photo capturing star trails around the {North/South} celestial pole, with silhouettes of {Tree} or {Building} in the foreground.",
8d13c52a3403f4315ec89bb4de3566ac,https://images.assetsdelivery.com/compings_v2/yod67/yod671412/yod67141200025.jpg,A set of {Object} designs in various {Colors} and {Shapes}.,
742c707a77da9f3a04e60ad5d4f42433,https://images.reference.com/reference-production-images/question/aq/700px-394px/invented-electricity_7b090807c03a6389.jpg,"""Visual representation of energy or force emanating from {Hands} against a dark background.""",
cf6d1776689a72b8734cd0bf49ac4d89,https://secure.img1-ag.wfcdn.com/im/73262970/compr-r85/9042/90423549/plotkin-cat-walk-and-pet-house-litter-box-enclosure.jpg,"""Integrated {Cat} litter box design featuring a {Color} theme with decorative or functional elements.""",
a48bf72fa9ce334902d458a0a90bd8e3,https://img.artpal.com/762121/44-19-6-6-20-57-15m.jpg,Innovative face paint designs merging {Face Shape} with artistic representations of {Animals} or {Nature Elements}.,
d32c0632c8335a63a4e3680a256353c4,https://media.istockphoto.com/vectors/reaching-hands-and-rainbow-in-space-vector-id1251307109?b=1&k=20&m=1251307109&s=170667a&w=0&h=xV4FhVoUdk25S64TqrI-MLjIYAIV65cKy08U7vWLCKE=,"A hand reaches across {Barrier} to touch another hand, symbolizing {Connection}.",
b3ecdb3a31df09f6b129bc3e5b3677b8,https://i.pinimg.com/originals/be/90/e5/be90e50113a1e732a2f9701742ff8ee0.jpg,A chair adorned with {Material} that gives it a {Style/Texture} appearance.,
88453516a39625eee64fd64544b4d278,"https://ih0.redbubble.net/image.524206551.4253/mp,840x830,matte,f8f8f8,t-pad,750x1000,f8f8f8.u2.jpg",A reinterpretation of {Famous Artwork} featuring {Scene/Characters} in an artistic style inspired by {Artist}.,
1e4e957bea72c0d152263ff1193da47d,https://www.littlepieceofme.com/wp-content/uploads/2018/05/ss7.jpg,Unusual staircase design with a {Slide} integrated into the steps for added flair.,
d24830932064e7c8f73b89dc56c7186b,"https://static.wixstatic.com/media/164cac_4fb5f52e16984a5c8638cf423844351a~mv2.jpg/v1/fill/w_348,h_463,fp_0.50_0.50,q_90/164cac_4fb5f52e16984a5c8638cf423844351a~mv2.jpg",A coordinated display by aircrafts leaving behind trails of {Color} smoke in the sky.,
96629376883ff5b975a1272df2284bf0,https://www.imperial.ac.uk/ImageCropToolT4/imageTool/uploaded-images/art-tzu-chieh-tang-mit_1610380008402_x2.jpg?r=2131,"Depiction of {Food Item} featuring miniature {Ingredients} and {Tools}, embodying the idea of {Concept}.",
5e16fbee3ee9cbfa3e1a54b408badd7c,https://www.kissandtellmagazine.com/wp-content/uploads/2020/12/image-6.png,"""Portraits of {Animal} in historical {Attire} from different eras.""",
bf13d7dbe7533f4113eb6517300c5cd2,https://usercontent2.hubstatic.com/9871453.jpg,"""Individuals standing face-to-face with {Animal} in their natural environment.""",
749e4a5ffd7264138d0966533300dbbb,https://cdn4.eyeem.com/thumb/b76c48c3bfa4f0562e585e2503f11de683c37252-1517751271170/w/750,"""Illuminated silhouette of a {Person} performing {Action} in a dramatic {Setting} with a contrasting {Color} sky.""",
2f34436d20f0336354227aeb405eac27,https://www.lovemaegan.com/wp-content/uploads/bunny-pancakes-for-easter_2-640x700.jpg,Innovative {Food Items} shaped as {Animals} or {Objects} creatively arranged on a plate.,
4996e2b97efc801b5e9f06158f6c91b4,https://cdn5.eyeem.com/thumb/8662b88fa626ee14763475e794480fdd47330645-1489689139246/w/300,"""Images of {Plant Part} shaped like {Animal Face}""",
c92023e4e135d3afa3685bc0430bd7e8,https://ruairborne.com/wp-content/uploads/2019/12/fb-featured-24-627x361.jpg,"""Skydivers performing in costumes of various {Characters} while skydiving.""",
00f9fa3f36066c426ceb93b8491b9e8b,https://d.newsweek.com/en/full/676734/1024px-nasa-apollo8-dec24-earthrise.jpg,"The celestial view of {Celestial Object} from above, showcasing the {Sun} or the {Earth} against the blackness of space.",
68d7716204fc4387dc0a29307cc9e240,https://izismile.com/img/img2/20090216/bonus/9/sky_12.jpg,"""Formation of skydivers in freefall, wearing {Parachutes} and coordinated by {Position}.""",
91b821a465cb375885ffeca0f5059904,https://media.wsimag.com/attachments/745a16f1cc3546307c637c21e59ee504429c2456/store/fill/290/290/c228329d628188213542274b4332533e503d3c1cd80b12389d285e6cc60e/Irving-Penn-Bee-New-York-1995-printed-2001-Smithsonian-American-Art-Museum-Gift-of-The-Irving.jpg,The interaction between {Insect} and {Human Body Part} results in an unusual and striking composition.,
d3dd2de2339fe7ce49a46e2207e7fe54,https://i0.wp.com/ianbell.com/wp-content/uploads/2012/01/CrystalBall2.jpg?resize=1080%2C675&ssl=1,"A {Crystal Ball} held in hand, creating a mirror image of the {Surroundings}.",
ca43214022238b52ceed775c71e01438,https://us.123rf.com/450wm/buchachon/buchachon1209/buchachon120900055/15069971-fingers-family-and-christmas-background.jpg,Artistic illustration of {People} using {Body Parts} as artistic elements for unique designs.,
7487a8e43c3391b683acdde36bdc34b5,http://i0.wp.com/tokyodatacollective.com/wp-content/uploads/2014/04/camgirls-project-in-progress-2013-artist-unknown-Diane-de-Poitiers-School-of-Fontainbleau-c.1590-X-Anonymous.jpg?resize=882%2C1000,"Depiction of {Subject} gazing at their reflection in a {Circular Frame}, showcasing a {Symbolic or Personalized Element}.",
44114ff3be88b81ae84eed11c2f98dee,https://img.freepik.com/free-vector/set-red-gemstones-illustration-rubies_47243-1071.jpg?size=626&ext=jpg,"An assortment of {Object} featuring diverse designs, sizes, and styles, all organized by their {Material}.",
7a2fd405ebca6a457acda83098f67492,https://us.123rf.com/450wm/vivienstock/vivienstock1310/vivienstock131000426/23320111-cat-and-hamster-on-a-white-background-in-studio.jpg,"""Image of a {Cat} with a {Small Animal} interacting on or near their body.""",
b04ddcd8e664208fb96a711b8fb8c084,https://i.imgur.com/rSpfEsRr.jpg,Artistic latte art featuring intricate {Shapes} or {Figures} crafted with {Cream} on top of espresso.,
51e8a0027d6a8e3b4e341c46b2298be4,http://ultraruntv.com/wp-content/uploads/2015/02/badwater-135-mile-run-2014-featu-960x540.jpg,"A {Person} performing tricks on their {Skateboard} in diverse settings: {Street}, {Ramp}, {Roadside}.",
06641a5d94face6fe4d8816b47130d97,http://i1.wp.com/bohotravelart.com/wp-content/uploads/2015/05/boho-travel-art-rent-a-sup-stand-up-paddle-featured.jpg?fit=1000%2C750&,Split view of {Person} engaging in {Water Activity} from both above and underwater perspectives.,
9ea26e551814a046e5e41cee850728b0,https://i.pinimg.com/736x/4c/73/60/4c73604dc2f5e69d96c5be2cd1faf898--king-penguin-penguin-life.jpg,Artwork showing {Superhero} and {Animal} in their characteristic appearances side by side.,
7ea01d4f62de99317f76a9b8de83a781,https://cdn.shopify.com/s/files/1/0770/5745/t/31/assets/10739711112-1548213646highlights_image_1.jpg?1290102258231269064,"A船型的{Container} for displaying {Food Items}, arranged beautifully with decorative {Ingredients}.",
d0eeefa00f7095abf57786ff4f069443,https://medschool.ucla.edu/images/Site-Current/UCLA-Beat/BEAT_Memento_Mori.png,A watercolor illustration featuring {Object 1} and {Object 2} combined into a unique design.,
19fc282592269c2a58004ef9b842dfe4,https://thumbnails.yayimages.com/e/b52/eb52582.jpg,Miniature {Characters} interacting with oversized {Objects} in an imaginative scale scene.,
0a88cdf3c8bc610df335703a91c6362b,https://fashiondeal.in/image/cache/catalog/designer-multicolor-printed-gorgeous-party-wear-gown-2507-1000x1000.jpg,Elegant fashion designs featuring {Pattern} or {Design} on the back of {Clothing}.,
51ba787d5cb4ee13e33d9c6ba50fdd14,https://img.izismile.com/img/img2/20090728/toilets_13.jpg,Groupings of identical {Objects} arranged in a unified style across various environments.,
c9d53ce68b961fa4cdedeedbda675334,https://i2.wp.com/climbingholds.shop/wp-content/uploads/2018/08/maxresdefault-3.jpg?resize=800%2C450&ssl=1,Exploring indoor climbing by gripping {Grip} with {Body Part} and navigating {Surface}.,
ab3ff9d70b5e78ddd7cf3dd49b2122fd,https://cdn.eyeem.com/thumb/571a723c77bc15a143d6856969386885b1c9fda8-1514122036257/w/1150,Decaying {Object} overgrown by nature in an abandoned {Location}.,
b20df7c4e55178dead466e3c42e13589,http://thesec.org/gallery/1520362066_50501.jpg,Visual representation of {Object} undergoing the process of {Processing/Transformation} by a machine.,
9bf8df14a56f2bb8c672f22fa6c45772,https://thumb.maxpixel.net/1558/Lapp-Light-Art-Photography-Belitz-Long-Exposure-4508302.jpg,Artistic long-exposure shots of {Light Source} creating intricate {Patterns} on a dark background.,
08be1ed3396c5a7c1e164ca644aed093,"https://01.img.society6.com/society6/img/M271qUtSrDGLkI_SjmyCtTeBHlk/w_550,h_550/cards/~artwork/s6-0007/a/1013246_15056697/~~/thats-no-banksy-balloon-its-a-space-station-cards.jpg",Artwork featuring {Character/Icon} merged with a {Ball/Object} to form a new and unique imagery.,
bfd6a94e2da4ba66c2b379a407b78490,http://ihavecat.com/wp-content/uploads/2015/05/petie-e1432136649839.jpg,A photo of {Animal} with an unconventional wig in a range of {Colors}.,
88b2c4b461f4c68c455bfecd7ca2a86d,https://image1.masterfile.com/getImage/NDAwLTA0Njk4MDk2ZW4uMDAwMDAwMDA=AJ-r1h/400-04698096en_Masterfile.jpg,"A {Flag} is seen flying high in the sky over a serene {Surface}, creating a beautiful reflection.",
12625e2dc6aa400224d45b42cfb46feb,https://ak5.picdn.net/shutterstock/videos/1042459015/thumb/1.jpg,A snow angel formed by {Person} in the {Snow}.,
97d504d421075bec3ea0deb7f3b00691,https://farm3.staticflickr.com/2811/10311237403_a4f6bed24d.jpg,"""Large-scale {Object} installations placed in urban landscapes, blending modern architecture with artistic elements.""",
96cb7fb04425498e79d98b3e318d0cf9,https://i.icanvas.com/TFN144?d=3&sh=s&p=1&s=m&bg=g&t=1540703710,"""Imaginative illustrations featuring anthropomorphic {Animal} characters with human-like qualities and engaging settings.""",
62fe8d7a8a3a4bc0e4acb7d3a7fd9a20,https://i.pinimg.com/originals/bb/a1/30/bba130012b0403396b35bade168a644d.jpg,Detailed guide on crafting a {Style} {Hair Style} with these {Steps}.,
8292b9883fa9ced8eb2c7644e01659a6,https://designpress.com/wp-content/uploads/2012/08/smiley-face-pictures/lightscribed-smiley.jpg,"""Creative light trails captured during motion of {Object} in a long-exposure photograph, showcasing intricate patterns against a {Background}.""",
1ba9e09b31881901f83c82567b91f955,https://content.api.news/v3/images/bin/e503b904101fcf050ad4b699b07311e1,The side mirror reflection reveals {Object} on the road or street.,
1cc126530143796b44c2720bb2f3c70f,https://us.123rf.com/450wm/thisislover/thisislover1703/thisislover170300155/74424238-cute-dog-shih-tzu-poodle-mix-with-notebook-and-pen-on-white-background-isolated.jpg?ver=6,"""Images of {Animal} wearing {Human Accessory} with a quirky or unexpected look.""",
2ee5f90d64ebc6034f61f729d59c427f,https://www.muraldecal.com/en/img/mag645-jpg/folder/products-listado-merchant/wall-stickers-for-kids-blue-lagoon-cocktail.jpg,"""Humanized {Object} with anthropomorphic features like arms, legs, and facial expressions.""",
a2c82b078539bc50b35f0f6b42a78d4c,http://4.bp.blogspot.com/-iUGKoyrUwhA/TcYSQbJd7dI/AAAAAAAAIZE/kiuBh0E9d9s/s640/30+World%2527s+Most+Creative+Delicious+Smallest+Dishes+%25286%2529.jpg,"""Miniature {Object} crafted in such detail that it is placed on top of a finger for scale.""",
98eafc714020b66a1563f226cd108405,https://images.westend61.de/0001133919l/germany-brandenburg-landkreis-havelland-composite-sequence-of-total-lunar-eclipse-of-july-27-2018-with-planet-mars-THGF00068.jpg,"A continuous depiction of {Solar Event} across different stages, showcasing the transition of {Object} through key phases.",
a3bc1e3d90855751f8626216ffbeb604,https://droold.com/wp-content/uploads/thumbs_dir/grenademug1-69o4t3zij9qpurber9faeosjvbveg8c3vhdc3gq19wy.jpg,"""Variations of {Object} in different {Colors} and {Designs} displayed on a black background.""",
9028609200a1e5bd33c3b6a03dce3984,https://render.fineartamerica.com/images/rendered/search/canvas-print/mirror/break/images-medium-5/tree-of-life-michael-volpicelli--canvas-print.jpg,"""Artistic depiction of human anatomy merged with nature, featuring {Body Part} integrated into organic shapes like {Plant} or {Tree}""",
b3a32b43e37c76815d028cf536145595,https://us.123rf.com/450wm/seamartini/seamartini1810/seamartini181000315/109367868-stock-vector-hunting-equipment-and-weapons-icons-vector-rifle-gun-in-holster-arbalest-or-crossbow-arblast-with-op.jpg?ver=6,"Visual representation of different {Type} of {Objects} in various styles, colors, and designs.",
03c7b09a78563721515b2c20bc2d43c2,https://assets.rebelmouse.io/eyJhbGciOiJIUzI1NiIsInR5cCI6IkpXVCJ9.eyJpbWFnZSI6Imh0dHBzOi8vYXNzZXRzLnJibC5tcy8xOTUyMTYzMy9vcmlnaW4uanBnIiwiZXhwaXJlc19hdCI6MTYzNzI1MzIyOH0.9eTU2v58QAc4x9FgOvKzD6FJnByCDu3w8K8_p7KNIqY/img.jpg?width=980,"""Scene depicting {People} navigating through an environment filled with floating {Objects} in various {Colors}.""",
70b8bdd1f107128b96fabcc48193d5d9,https://somlog.com/uploads/default/optimized/3X/4/b/4b80b44b0e47c99bf5e93dfc2a17c6364356c4a3_2_500x500.jpeg,Creative hair styling with {Decorations} to form unique {Animals} or {Characters}.,
75dfc36b8bf01df2f8691b05cf6b3699,https://i.ytimg.com/vi/Ie_0DboCU1Y/0.jpg,The individual is seen reaching for {Object} on top of {Surface}.,
6c73de798ac835bd37596c78d1fb2a57,https://images.squarespace-cdn.com/content/v1/5390b220e4b06374d7eb7250/1405967904865-766V58W710EWP0SFTMLX/ke17ZwdGBToddI8pDm48kPvIRsZbiFin1zR-bHR9FU0UqsxRUqqbr1mOJYKfIPR7LoDQ9mXPOjoJoqy81S2I8N_N4V1vUb5AoIIIbLZhVYxCRW4BPu10St3TBAUQYVKcsuz7F2Ziv2gSlZe9U2LKx52M7MOYPQzbYDYQvzrnHws4t4-pNDtXsxv7QxwL0QIz/Untitled+%28handstand%29.jpg,"A person performing an impressive handstand using {Support}, whether it's {Column}, {Wall}, or {Beam}.",
b928b3055cd7b446eef483212c713886,https://us.123rf.com/450wm/abdulgapurdayak/abdulgapurdayak2008/abdulgapurdayak200801121/153771949-these-red-ants-live-in-colonies-they-have-necks-and-strong-bites-always-cooperate-in-making-nests-an.jpg?ver=6,The collective effort of {Animals} working together to move or manipulate a {Object}.,
16eeb7cca44593c772132b1ebbf227c8,https://img.freepik.com/free-vector/things-smoking-realistic-colourful-collection-white-tobacco-smoking-sketch-set-poster-cigarettes-cigars-hookahs-tobacco-leaves-ceremonial-pipe-lighter-ashtray_91248-1018.jpg?size=338&ext=jpg,"An assortment of {Objects} related to {Topic/Category}, including {Sub-Category 1}, {Sub-Category 2}, and {Sub-Category 3}.",
9c7dc7d9b04cf2966c99217a3b5bf835,https://media.dollskill.com/media/tpadxw0wHt7dfeM7OWxDkRHKHfzGLa7E-33.jpg,"A photo showing a {Dog} next to their {Toy}, with a focus on their size difference.",
973ca0ce4bbbd98c8f5500ea44b9e338,https://thumbs.dreamstime.com/b/fashion-creativity-explosion-creative-girl-31175364.jpg,A person creating an artistic explosion with {Paint} from their {Body}.,
08b9b82cf0d362e21d885f63ec784c09,https://render.fineartamerica.com/images/rendered/default/acrylic-print/7.5/10/hangingwire/break/images-medium-5/2-mens-room-scott-listfield.jpg,Depiction of {Figures} in {Setting} as they interact with or observe {Object}.,
b1b1c5980f2a8f523da35a26538a3bdf,https://povesticumiez.files.wordpress.com/2014/04/butterfly-in-cage.jpg?w=490,A symbolic illustration showing {Human Figure} with a {Animal} trapped in a {Cage}.,
7bc460472e0e30fed6f0adf0c412e4c5,https://www.wallpaperup.com/uploads/wallpapers/2014/12/23/563459/ca5ca365d3a5232ee550c1fff8080c4d-700.jpg,"Imaginative depictions of {Floating Objects} in surreal environments, such as {People}, {Animals}, or {Nature Elements}.",
8e7765782c1c1fd1aec1a635b5fa3412,https://thecollaborative.colostate.edu/wp-content/uploads/sites/49/2019/10/Mar19_04_526935720-e1570137877664-768x576.jpg,"""Visual representation of a {Person} interacting with oversized {Object} in an exaggerated scale.""",
036d0d8e135f782d080154a9b2d3cdbd,https://www.publicdomainpictures.net/pictures/10000/velka/33-1275508650vbih.jpg,An image with a selective focus on a specific {Color} hue in a black-and-white environment.,
a7671f7b2794f0675791ac8487176221,https://mk0astrostylecoa3hb9.kinstacdn.com/wp-content/uploads/2020/03/black-swan-astrology-economics-minsky-moment-400x300.png,An artistic representation of a {Scene} featuring a {Subject} creatively merged with elements from different realms or settings.,
cb45f6085952a9f855cb493c540c159f,https://drscdn.500px.org/photo/9021537/m%3D2048/330ced7c3314e7809ca900242715f1bf,A long-exposure shot of {Subject} set against the backdrop of {Scene or Background}.,
5cb23f42f231ac1b78ce71c41494a254,https://cdn11.bigcommerce.com/s-ydriczk/images/stencil/608x608/products/88398/91223/Porg-official-Star-Wars-The-Last-Jedi-life-size-cardboard-cutout-buy-now-at-starstills__57262.1510850792.jpg?c=2,"""Life-sized cutouts of {Characters} displayed in their {Size Comparison} with real-life objects.""",
067be3d8c1403e5ffcce0b1029ac7d7d,https://domf5oio6qrcr.cloudfront.net/medialibrary/11335/bd291866-d67d-42cf-b990-98c1dd9ebb96.jpg,"""Focused view of {Scene} framed by the lens of {Object}""",
263c233fc58a51935e2edc8e3790af48,http://www.daniela-kocian.estranky.cz/img/picture/355/quilling18.jpg,Innovative use of {Material} shaped into {Shapes} or {Figures} in various styles and patterns.,
94c74c1c449a0c0f7a1ca3176feeae27,https://hungryhappenings.com/wp-content/uploads/2016/12/ritz-cracker-rudolph-reindeer-christmas.jpg,A step-by-step guide on how to craft {Food Item} with {Ingredients} and {Tools}.,
073f20b4b390ebdc5509f6175ede8fe4,https://i.pinimg.com/736x/0f/0f/0b/0f0f0b7e5abdc87b9c863c8b144e544e--unicorn-party-rainbow-unicorn.jpg,Elegant self-portraits with {Wig Style} and {Hair Color} featuring unique {Accessories}.,
2da78b3963a224ff5b9345f390d2ebe7,https://us.123rf.com/450wm/konstantynov/konstantynov1401/konstantynov140100019/25059625-portrait-of-dissatisfied-man-with-small-man-on-the-head.jpg?ver=6,"A miniature {Person} placed on top of a {Surface or Object}, creating an oversized visual effect.",
a877a86c9ec8b70eb6e00c9e7168dcff,https://thoughtensemble.com/wp-content/uploads/2014/11/Heart-cloud.jpg,A {Shape} formed by clouds in front of a {Sky} backdrop.,
cb393d532a9f597492fcf8648b94cd74,https://img0.etsystatic.com/003/1/6168183/il_340x270.469504932_qka8.jpg,Artistic use of {Object} with painted {Faces} and personalized details for a one-of-a-kind aesthetic look.,
8c1be646a9fbcd3421186dbfde2136f4,https://cdn.jewelryimages.net/edge/bluestonetahoe/images/edge/640-09821-03.jpg?v=1,Visualizing the relative size of a {Object 1} by comparing it to a {Object 2} for reference.,
a771d8b58ac0ca5f39fdb3431dbee1c5,http://www.artnet.fr/WebServices/images/ll00007lld5q0GFgpeECfDrCWvaHBOcECvD/ren%C3%A9-magritte-la-grande-table.jpg,"""Imaginative representation of a surreal {Fruit} with unexpected features like {Object} or {Plant}""",
99d01dcb49a86d28a1a487896f0e5c76,https://fineartamerica.com/images/rendered/default/metal-print/9.125/10.000/break/images/artworkimages/medium/1/black-beauty-jorge-gomez-manzano.jpg,"""Artistic sculptures of {Object} featuring contrasting {Material} and {Design} elements.""",
5d316dfdc38dd9f473874b7288a47376,https://images.thebrag.com/tb/uploads/2018/06/rainboww.jpg,"""Creative use of {Color} to transform real-world objects or surfaces into visually striking representations of {Theme/Concept}.""",
531bc499265338f41daa9b425be7aad2,https://cdn5.eyeem.com/thumb/bbce9051b4b3afcbf7f3448180101243b3ebbfc2-1582823011210/w/350,Pictures capturing {People} engaging in carefree behavior with {Objects} in chaotic or humorous ways.,
49138a89fe552e7cc4145fbc901bc5f4,"https://ctl.s6img.com/society6/img/fgOSwn9kYF5V7PuIyriy9GnHD1s/h_264,w_264/canvas/~artwork/s6-0056/a/23530813_14720404/~~/vultures-whj-canvas.jpg?wait=0&amp;attempt=0",Creative use of {Characters} interacting with unconventional {Objects} in surreal environments.,
20fc91880fd725a36808ecf74941db9e,https://www.loewe.com/dw/image/v2/BBPC_PRD/on/demandware.static/-/Sites-Loewe_master/default/dw83098714/images/199.30.M93/199.30.M93_8255_2F.jpg?sw=355&sfrm=jpg&sm=fit&q=90,"A bag designed in the shape of a {Animal}, crafted from {Material} in a variety of {Color}.",
4e027366077cd98dea898112abc7b853,https://www.grahamandgreen.co.uk/pub/media/catalog/product/s/f/sfq7520-swi4801-str8293-mouse-lamps.jpg,"Unique {Animal} lamps in various positions, each merging function with aesthetic appeal.",
c4f6d59a25af2cc07514362a182ca446,https://i.icanvas.com/JFL47?d=3&sh=h&p=1&s=s&bg=w&t=1536205770,An illustration of {Animal} riding a tandem bicycle with a {Passenger}.,
a9c48bddcdbe3e64cf8e2b2c1be0a688,https://8ae4ebe981419eb9e477-c82b2593bd43ac54398dde0a76fc5603.ssl.cf1.rackcdn.com/15055_Jeff-Stephens_SHOE_SHO_CHLO_JS_MAR16_033COMP.jpg,Unusual {Shoe Style} designs featuring real {Animal} elements as a part of their design.,
56e3958ee43063db0c61480097845873,http://northshoreartscene.info/wp-content/uploads/2019/09/Dick-van-Duijn-34-from-the-Netherlandstaking-time-to-from-fox-news1.jpg,"""Animals interacting playfully with {Flower} in a natural setting.""",
29ba4beb03cec36ae9d8aa7e7670d2fd,https://image.chitra.live/api/v1/wps/e177534/b778a0b7-b41c-491a-9e3e-7ee4bc2e231e/3/china-bauble-620x354.jpg,A {Ornament} with a translucent surface revealing a map of {Country} in yellow tones on a red backdrop.,
69188847be76619842c89834b9247f12,https://images.squarespace-cdn.com/content/507dba43c4aabcfd2216a447/1369895062460-R15EZLYJOQQTHF0PZSFA/mozcat2.jpg?content-type=image%2Fjpeg,A person holding a {Cat} on their head in a playful or surprising way.,
5219fe673dcb482e84ea1cac1b5de917,https://i.pinimg.com/736x/04/ee/ae/04eeaea6dde4532044db3b9c4f35aea2--doll-houses-big-houses.jpg,An image of a person appearing to be of miniature size beside a large {Object}.,
a9cc6a63ac359993bb16ea3bad63864c,https://assets.t3n.sc/news/wp-content/uploads/2015/07/perfektes-foto-smartphone7-595x356.jpg,A portrait featuring someone wearing a {Headwear} with a distinct {Color}.,
9d8b0b8fba702d847b493f196a5afb4b,https://us.123rf.com/450wm/shashkina/shashkina1710/shashkina171000121/88171159-healthy-dessert-idea-for-kids-party-funny-edible-kiwi-pomegranate-christmas-tree.jpg?ver=6,"A {Tree Shape} crafted from sliced {Fruit}, decorated with {Ingredients} for embellishment.",
02491592f4abad15fcd40f3157340966,https://us.123rf.com/450wm/alphaspirit/alphaspirit1707/alphaspirit170700027/81271795-businessman-ready-to-start-on-a-complicated-road-concept-of-challenge.jpg?ver=6,A depiction of a {Person} standing at the beginning of an unconventional {Path}.,
334ad908625ecf4c2ba95be7af7f1a96,http://www.artnet.com/WebServices/images/ll01637lldJv0GFgoPECfDrCWvaHBOc40xD/john-baldessari-two-horses-and-rider-with-blue-parrot-in-2-parts.jpg,"""Black-and-white photographs of {Object} with added color elements: {Color 1} and {Color 2}.""",
2288e86ba445a06282e5366442846720,"https://images.discerningassets.com/image/upload/q_auto/c_fit,h_600,w_600/v1620429161/SDIM0062_dilgtq.jpg","The upward view of {Tall Trees} reaching into the sky, surrounded by a radiant {Sky}.",
ad0a58a5178100dd08413fdc97d258d3,https://us.123rf.com/450wm/damedeeso/damedeeso1711/damedeeso171100022/89049587-office-businessman-french-bulldog-dog-with-pen-or-pencil-in-mouth-isolated-on-white-background-on-ch.jpg?ver=6,"An anthropomorphic {Animal} dressed as a {Holiday Character}, engaging in {Work-Related Activity}.",
4789d484306862d2afb8c6b39c6d53e2,https://aws.traveler.es/prod/designs/v1/assets/630x418/93996.jpg,"""Satellite view showing {Natural Object} or {Man-Made Structure} shaped like {Shape or Object}""",
a76606694c71e7cadd23baed3ac15945,https://img1.etsystatic.com/il_570xN.273770309.jpg,"A {Ceramic Object} designed as a {Character} with features like {Color}, {Design Elements}, and {Theme}.",
cf85f18c1bafe64c546c812973f74b9f,https://getmyboat-user-images2.imgix.net/images/5996a3df643c8/boat-rentals-dubai-dubai-processed.jpg?auto=format%2Ccompress%2Cenhance%2Credeye&fit=crop&h=329&q=50&w=547,Performers using flyboards to glide through the air with {Direction} and {Speed}.,
3e2a823a54d5d32c1801828d1419a0ed,https://images.bridgemanimages.com:443/api/1.0/image/600wm.GCL.04255130.7055475/3152061.jpg,"Step-by-step analysis of {Subject} performing {Action}, visualized across multiple stages: {Stage 1}, {Stage 2}, {Stage 3}, {Stage 4}, {Stage 5}, {Stage 6}, {Stage 7}, {Stage 8}.",
1492a339412779630abca5ae308f6b5a,https://noveltystreet.com/wp-content/uploads/2017/01/Oscillot-Cat-Containment-System-Fence-Mounted-590x647.jpg,Photos of {Animal} using their natural agility to climb over or jump across {Obstacle}.,
7682e43b98790e51be5c0620b74fde55,https://zdmkdcwjde3qmy1sxutql6lo-wpengine.netdna-ssl.com/wp-content/uploads/2019/11/19416673_web1_20191117-BPD-Deadpool-Mozart-SenseBC.jpg,"""Combination of {Character} with anachronistic {Object} to create a humorous or unexpected blend.""",
a43a11e6701d3aacb41f29bda734abd7,http://www.blogbaster.org/wp-content/uploads/2016/05/sakura-cherry-blossom-drone-photography-danilo-dungo-japan-13-800x504.jpg,A scene featuring {People} in a boat on a lake filled with {Flowers}.,
c1009e3c0106ebeeb094a44ebd9befd3,https://www.thesun.co.uk/wp-content/uploads/2017/11/nintchdbpict000369356931.jpg?strip=all&amp;w=922,"A photo of a {Animal} with a unique and amusing expression, showcasing its individuality.",
cbb6dfd6a3deda3c735d02bfb663d4ff,https://i.pinimg.com/originals/e7/6c/f7/e76cf7c5f30f14bcd5b8ed8801e73391.jpg,"Artful topiary designs in {Garden Setting}, using {Plant Species} shaped into distinctive {Shapes or Animals}.",
7787043bec323d9c0ffee12c57a3fa3d,https://dreamsinheels.com/wp-content/uploads/2015/02/world-nutella-day.jpg,"""Map of the world created using {Food} shaped like different {Countries}.""",
d6a8edaa8af3c469cef2e0fd557e4793,https://cdn.shopify.com/s/files/1/2275/3869/products/8da883449e4b9c91579e50e004d273b3_1024x1024.jpg?v=1519683287,A baby lying on a {Shape} cushion with a {Color} pattern.,
47e7cbd319bcfafd668a12d0a4aa897e,http://o-sebe.com/wp-content/uploads/2015/12/moonwiccan-night-moon-phases1.jpg,An illustration highlighting the various phases of {Object} as it progresses from one state to another.,
251212fe0bed7a97122b820b943180c4,"https://cdn.apartmenttherapy.info/image/upload/f_jpg,q_auto:eco,c_fill,g_auto,w_1500/at%2Fnews-culture%2F2019-10%2FSkyPots-1936","Arrangement of {Plants} in various {Colors} within {Pots}, hung on a chain for a vibrant look.",
08c626eb16e77a57d51996bdcc65881b,https://us.123rf.com/450wm/adamson/adamson1802/adamson180200016/94824514-grass-border-with-mustache-with-gradient-mesh-vector-illustration.jpg?ver=6,"Artwork of {Objects} arranged on a {Background}, each featuring unique {Designs} or {Patterns}.",
c7142f2c3d402c4ec601a2807d80d104,https://us.123rf.com/450wm/iakovenko/iakovenko1802/iakovenko180200114/94827730-full-length-man-with-carton-on-head-flourishing-arms-multicolored-shadow-locating-on-wall-creativity.jpg?ver=6,"Artistic depiction of individuals with {Object} in place of their heads, surrounded by unique {Color} highlights.",
bcff708a3166aa378616647fcb3951c7,https://static.tumblr.com/c26ccef18911523bdd2c915389abcba4/8ljosbu/DxRn39eju/tumblr_static_digital-art-animal-wallpaper.jpg,Visuals showcasing {Object} breaking apart in an artistic and dynamic manner.,
991c1b56fdc4a5002f33422a39ebf199,http://www.fubiz.net/wp-content/uploads/2012/12/diving-dogs-photography.jpeg,"""Underwater view of {Animal} interacting with {Object} in a dynamic and lively manner.""",
abfb09e5b0d53a68d65c3988bfbec576,https://us.123rf.com/450wm/iofoto/iofoto0710/iofoto071002807/2029305-side-view-of-caucasian-mid-adult-businessman-and-businesswoman-arm-wrestling-on-table.jpg?ver=6,A scene of {People} arm wrestling at a table in professional attire.,
da91410e4e5a5ccfa676cf3ff57c8276,https://images-na.ssl-images-amazon.com/images/I/61L6RTG6eyL.jpg,Artwork inspired by {Artist}'s style featuring {Characters} in iconic settings.,
97c31db3ba063ae06680c7a2349e274c,http://getdrawings.com/image/easy-soccer-ball-drawing-64.jpg,Artistic rendering of a {Object} giving the illusion of depth and interaction with the viewer's space.,
895c5afcfce02083b3b982b40654e3b5,https://64.media.tumblr.com/tumblr_m6335luXgG1ronf7yo1_400.jpg,A lone figure walking on a {Surface} amid a dynamic {Environment}.,
89f116d879f596c65d43684565380a23,"https://static.wixstatic.com/media/43b574_dc4b6e63fa0245ad8e116bec3e18874a~mv2.jpg/v1/fill/w_485,h_364,fp_0.45_0.28,q_90/43b574_dc4b6e63fa0245ad8e116bec3e18874a~mv2.jpg",Snapshots of {Animals} showing affection for one another in their natural surroundings.,
26ab8578efc1a641ba21a732ca0c044a,https://designspartan.com/wp-content/uploads/2017/07/Sculpture_Johnson_Tsang_02.jpg,"""Artistic representation of {Object} using unique shapes and forms inspired by {Material}.""",
c59e31e9e10cdb70c594f2444002c3c5,https://www.artmajeur.com/medias/mini/g/e/gerardjouannet/artwork/14104295_bike-in-the-street.jpg,Depiction of {People} with their {Shadows} creating distinct {Shapes} on the ground.,
1b3b162a37cda6743079d226eb2de374,https://cdn.charmingitaly.com/sites/charmingitaly.com/files/u341/imagegen.ashx_1.jpg,"The movement of a {Person} is captured on a {Surface}, with their shadow emphasizing the action.",
1f056830feb9e4a9dcc874733fcb9fbf,https://us.123rf.com/450wm/boians/boians1707/boians170700046/83147080-stock-illustration-3d-heart-in-centre-and-bright-candle-ranged-as-heart-valentine-3d-illustration-design-series-.jpg?ver=6,A {Shape} made by arranging {Objects} together on a {Surface}.,
b8ed33177c80aebe310284be609d7125,https://scimoms.com/wp-content/uploads/2018/10/pills-3114365_1920.jpg,A visual representation of {Food Items} being paired with {Items from Nature}.,
1fa7ec0a43310268cfa1fc0dad20fdd0,"https://ctl.s6img.com/society6/img/77SxvcmkgmO1b0SWBhBXlv5pdwQ/h_264,w_264/canvas/~artwork/s6-original-art-uploads/society6/uploads/misc/35a33ce81092462ab4614324e80c201d/~~/the-human-condition-rene-magritte-canvas.jpg?wait=0&attempt=0","""Creative visual blending of {Scene} and {Object} to form surreal and thought-provoking imagery.""",
d4d9a7c671bd24db81edccae42ce39fd,https://s-i.huffpost.com/gen/3923686/images/n-OIL-628x314.jpg,A depiction of {Sky} with {Object} creating a {Colorful Reflection}.,
078a3601f608db336da94f630ff4d67a,http://padhamhealthnews.org/wp-content/uploads/2018/12/smoking-fertility-padham4.jpg,"A visual representation of {Object} with its shadow merged seamlessly, creating an illusion of {Scene or Figure}.",
af2c3676cae10daa37a2f0e28ee86e77,https://ewscripps.brightspotcdn.com/dims4/default/182ceff/2147483647/strip/true/crop/640x360+0+34/resize/1280x720!/quality/90/?url=http%3A%2F%2Fmediaassets.tmj4.com%2Fphoto%2F2016%2F12%2F03%2FIMG_7668_1480787484739_50849256_ver1.0_640_480.JPG,Riders wearing {Costume} and {Animal} headbands participating in a festive cycling event.,
3a16e4a32a503bcaebf271080ea38a2f,https://d1q0twczwkl2ie.cloudfront.net/wp-content/uploads/2016/11/JoshuaTree_California_USA_DominicLoneragan_MeghanLoneragan_090516_0447_forweb-320x320.jpg,A {Person} using a {Light Source} to highlight the {Object} in a nighttime scene.,
6306ebcadab9aac97437937fe8e3e13f,http://www.baudoin-lebon.com/cspdocs/artwork/images/joel_peter_witkin_baudoin_lebon_13600.jpg,Artistic depictions of {Subject} engaging with a {Scale} to signify {Concept}.,
83a679c261f27a95f1ca2c56e3fefe88,http://cdn.pastemagazine.com/www/articles/mountain%20double%20fine%20square.jpg?635416432116491635,An artistic depiction of an {Iceberg} highlighting the visible {Surface} and the hidden {Underwater} portion.,
2925f75b69b40faee76b928b8e0f2d02,https://www.finefoodsgourmet.com/image/cache/catalog/20941_Poom_glass01-336x336.jpg,"""Creative design combining {Object} with a {Plant} to form a unique composition.""",
398458403024992f56eac5cd02c7514d,https://cdn2.eyeem.com/thumb/3f9d72940b9fef1ae61a40b8063172c1e3bf3a9d-1509092647063/w/750,"""Light trails from {Vehicle} on a long exposure shot, captured at night with vibrant {Color} highlights against a dark background.""",
0bbfd34d9f5d2f922b2508d35b42f575,http://cranberryfarm.ca/wp-content/uploads/et_temp/cranberry-farm-62024_958x339.jpg,Photos of individuals diving into a {Liquid} to collect floating {Fruits/Objects}.,
cf5f121ab5707278ad3682c2a5b2037e,https://mirmade.net/wordpress/wp-content/uploads/2015/04/all-henson-090809-pg-015_Contributed-Photo-Jim-Henson-Company_800x388.jpg,A behind-the-scenes glimpse of the process of animating {Puppet} in a {Setting}.,
68cab1fa9135733d82a56010e88131ae,https://media.dayoftheshirt.com/images/shirts/QfsZz/neatoshop_mecha-buu_1529763173.large.png,"Artwork of {Character} fused with modern design elements and bold colors, highlighting unique features such as {Feature 1}, {Feature 2}, and {Feature 3}.",
2c4f79be755a0fb2e8f1c634e7d1ac89,https://i.pinimg.com/originals/83/d5/15/83d515fbd5d1fed9b26fa9257ae593a5.jpg,"From basic sketches to fully detailed illustrations, this process showcases the development of {Character} with refined features and vibrant colors.",
8dfcd6e289f20ed866f9990daaf89147,https://i.dailymail.co.uk/i/pix/2013/01/09/article-2259652-0001ECEA00000C1D-402_634x286.jpg,Stunts involving {Vehicle} leaping over {Obstacle} with skill and precision.,
23903740cbabc7fb7fc51ddc1bbe6d54,https://img.etsystatic.com/il/ba02a3/1517327736/il_340x270.1517327736_btb2.jpg?version=0,Artistic depictions of {Figures} with heads shaped like {Objects}.,
d1707c7341dc1cb2d34148c3dd58bf22,https://www.pictorem.com/uploads/wallgenerate/157194.jpg,A vibrant mosaic featuring {People} with unique styles and {Colors}.,
d04fa64946e47610b0783c23f608d608,https://www.awesomeinventions.com/wp-content/uploads/2017/03/funny-cat-with-chicks.jpg,"""Image of a {Cat} surrounded by multiple {Animals} in a unique and affectionate interaction.""",
5998758e8e7870a61f7f643c2f2f5c12,https://cdn.foryourparty.com/cdn/farfuture/RkcQvQIkXc0FT7fQw1qY2eWsk8K8_k9tEqEE8A06BcQ/1554312417/sites/default/files/styles/medium_square/public/blog-images/2019-04/starwars-wedding-18.jpg?itok=V0l0n0pc,"""Wedding photo with {Couple} surrounded by {Theme Characters} in unique settings.""",
b5a6678dd32185717c646982f8b8a975,https://samataliveaboard.com/wp-content/uploads/2020/08/KomodoMV10-1356.jpg,"Scenes of {Animals} interacting in their natural habitat, showcasing behaviors like {Movement} or {Interaction}.",
22381ed48ed61920a6b289f5f88f775d,http://tse3.mm.bing.net/th?id=OIP.IYf4rDDeHwwlWuqYM_TAYAHaJu,"""Images showing {Finger Puppet} transformed into various {Animals} using creative designs.""",
db3c45d9e54203820d6c5ecf08465175,https://cdn.shopify.com/s/files/1/0420/3449/5652/products/product-image-1427781131_1200x.jpg?v=1603955653,A suspended {Plant} in a levitating {Planter} above an integrated charging base.,
2f4e32f6c7a98ca9a38f599632d29fb5,http://assets7.heart.co.uk/2013/48/weird--wonderful-pictures-of-the-week---4-december-2013-5-1386170876-view-1.jpg,A diver wearing a {Character} costume is interacting with sea life in their natural underwater habitat.,
9a30ef1109141c3eee5cb854c60306d6,https://i.pinimg.com/originals/61/c7/25/61c725b5b2c1aaa84460e01a745f5d55.jpg,"""Objects such as {Shoes} hanging from {Hooks} on a {Wall} in different settings.""",
4a13c721b9e2e244935dcb6a8f1e59c2,https://i.ytimg.com/vi/zkrLn1WxF5Q/maxresdefault.jpg,"""Images of {Animal} swimming gracefully in their natural aquatic environment.""",
aaf9e48d46dd5a6b5b5ab88a17f6a14e,https://us.123rf.com/450wm/chaotic245/chaotic2452005/chaotic245200500044/146542795-love-travel-concept-illustration-in-vector-airplane-flying-and-leave-a-white-line-on-blue-background.jpg?ver=6,A {Vehicle} leaving a trail that forms a {Shape} in the sky.,
d51cab6a1c62bb11504d1ae90f72338e,http://cdn.shopify.com/s/files/1/0024/6862/files/scout-rita-christmas.jpg?1259860083,"""Animals wearing {Reindeer Antlers} with {Snowy Backdrops}.""",
668ff44b23d107709877acbafe8d060a,https://us.123rf.com/450wm/dvarg/dvarg1201/dvarg120100012/11932464-frog-dreaming-about-a-fly-illustration-on-white-background.jpg,A {Creature} with a thought bubble showing its {Thought/Feeling}.,
479809dd71fdcde9333f1f9ba1a4c607,https://dv2oc5tyj18yr.cloudfront.net/wp-content/blogs.dir/2/files/2018/02/Aladdin-Sane-Contact-Sheet_2000w-783x800.jpg,"A series of images showcasing {Subject} from various angles and perspectives, emphasizing the {Feature} or {Attribute}.",
5b88b36549e7a3b0aef4a261f564f85c,https://a.1stdibscdn.com/jim-bird-paintings-jim-bird-tribute-to-vasarely-16-for-sale-picture-2/a_6463/a_80537321620639096784/IMG_1486_master.jpg?width=768,"An artistic representation of depth and perspective, using {Pattern} and {Colors} to simulate a {Space} or {Object} appearing three-dimensional on a two-dimensional surface.",
3746f11aec3d31416282cab153d1059a,http://smscreativeservices.co.uk/wp-content/gallery/art/painting-with-light.jpg,"Artistic use of {Light} trails formed by moving {Source} in the dark, creating dynamic patterns and shapes.",
c2a1d2fca8b663a50808ed756713b95e,https://lauragraceweldon.files.wordpress.com/2014/02/sams-heart.jpg?w=676&h=507,A heart-shaped frame crafted from {Material 1} with {Material 2} in the center.,
abac3dee542b004ab7ec0ed07a4d5820,https://e-learninguk.net/uploaded_images/c30161-food-processing-machine-stainless-steel-snack-2d-3d-pellet-production-line.jpg,"Step-by-step depiction of {Product}'s production process, starting from raw {Material} and progressing through various {Equipment} stages before final assembly or packaging.",
d31c950bfe9edbaa4182a194ddeb3254,https://img0.etsystatic.com/il/2ae1c5/137653284/il_fullxfull.137653284.jpg?optimize=low&width=430&auto=webp,Depictions of {Animal} characters embodying unique {Character Traits} from well-known {Comic Book/Movie/Book} narratives.,
22debe3fa583844c25c677ac4eb2e1db,https://sidespingroup.com/wp-content/uploads/2021/06/getty-tv-with-eyes-800x452-1.jpg,Artistic depiction of {Object} featuring a {Design Element} that mirrors an {Animal}.,
dd34ff035171bee4f98b9f90925b5ea0,http://render.fineartamerica.com/images/rendered/medium/greeting-card/images-medium-5/romanesco-broccoli-close-up-marianne-donahoe.jpg?transparent=0&backgroundcolor=393606&targetx=-24&targety=0&imagewidth=749&imageheight=500&modelwidth=700&modelheight=500&orientation=0,"An illustration showcasing the natural pattern of {Structure} in a {Organism}, illustrating the concept of {Fractals}.",
66c217424685aecf57097ef4ca97dc13,http://lounge.obviousmag.org/mixordia/2015/07/16/imagens/cafe/Han_Solo.jpg,Creative drawings of {Celebrities} made using {Dirt} on a canvas.,
d0012db0f719d2a5d433696ad3c9884b,https://us.123rf.com/450wm/damedeeso/damedeeso1201/damedeeso120100057/12009580-dog-with-camera-taking-pictures.jpg?ver=6,"A {Animal} holding a {Object}, creating a humorous scene.",
bc023e8d461a5a164f05b6f37db32cb3,https://fm.cnbc.com/applications/cnbc.com/resources/img/editorial/2017/12/07/104886300-GettyImages-461680692.530x298.jpg?v=1512686741,People wearing {Flower Crowns} in environments full of {Flowers}.,
3da3fa16e3b48b8dfde44221a910e5c2,https://i.ytimg.com/vi/V1i1LwAFU-4/hqdefault.jpg,"""Individual in a minimalist setting, interacting with a {Object} on a checkered background.""",
55d91482c9696b5efa8f574eabfc74eb,https://render.fineartamerica.com/images/rendered/medium/flatrolled/yoga-mat/images/artworkimages/medium/1/sacred-geometry-717-version-2-endre-balogh.jpg?&targetx=0&targety=-440&imagewidth=1320&imageheight=1320&modelwidth=1320&modelheight=440&backgroundcolor=9D939E&orientation=1&producttype=yogamat,"A depiction of layered {Shapes} or {Patterns} forming intricate designs, highlighting the beauty of {Symmetry} and {Interconnectivity}.",
2f244fd5d6435f9964870947fa73e4b9,https://www.lionrampantimports.com/img/product/ANA1029.jpg?fv=D7C3EF22C2E0BAF8DA69FB6209162FB4-30972,"A world map crafted from {Map Particles}, showcasing {Continents} in distinctive patterns or colors.",
5e15c443c0b37947dc3efb2d0ef4aa45,https://img.freepik.com/free-photo/christmas-tree-made-pills-new-year-medicine-pharmacy-drugstore_113111-504.jpg?size=626&ext=jpg,"A {Tree Shape} crafted with {Objects}, featuring a {Gift} as its base.",
a52d13b8cde9c6057bbf103e522f5dab,https://www.a2048.com/wp-content/uploads/2019/02/E9nZ6q41HCqZtj.jpg,"Innovative shelving solutions in the form of {Object} shapes, showcasing {Items} in an artistic way.",
a768a24ed4ced042602775cf077180a1,https://laughingsquid.com/wp-content/uploads/2017/12/carol-of-the-bells-played-on-an-ugly-christmas-sweater-equipped-with-bells.jpg,Innovative designs for {Clothing} featuring {Patterns} and {Textures} that form eye-catching looks.,
3a5c67cd782e1b2df60ed57f58f74d5e,http://thirdmonk.net/postcont/2014/08/surreal-photography-kylli-sparre-5.jpg,Intriguing juxtapositions of oversized {Object} placed in miniature {Scene}.,
d639d6c271ff0514584a641c43e3e39f,https://www.nikkel-art.ch/visual/1/aHR0cHM6Ly90My5mdGNkbi5uZXQvanBnLzAyLzE4Lzc4Lzc4LzI0MF9GXzIxODc4Nzg3Ml9SOW1JcXJDd0ZYMzVXbnA5VUxRbXZvWWV6SlplMzJ4Sy5qcGc=,"An imaginative scene featuring {Animal} in mid-air, set against an everyday backdrop or minimalist setting.",
1728fc04e1fbc0c48204df251a489544,https://nicoledextras.com/wp-content/uploads/2015/01/CRAB-APL-DRS-72-web.jpg,Artistic sculptures made from {Material} arranged into recognizable {Shapes or Figures}.,
7c7fda257f00f2853f9557e8ac966dea,https://img.freepik.com/free-vector/cartoon-halloween-characters-set-isolated-white-background_71374-1278.jpg?size=338&ext=jpg,Artistic depiction of {Characters} from various {Themes} or {Occurrences}.,
d5492bd160f4b92e2710365a4289cc0c,https://us.123rf.com/450wm/multicanarias/multicanarias1306/multicanarias130600347/21107289-soccer-player-abstract-illustration.jpg,"Artwork illustrating {Figures} using {Object Patterns} to depict activities like {Action 1}, {Action 2}, or {Action 3}.",
17d5f84d390a9ab5f0a6106fed3f0288,http://tse3.mm.bing.net/th?id=OIP.dK3wZS_E0fIAT58pBGbo8wHaJO,Designing {Space} with a {Structure} to combine functionality and aesthetic appeal.,
3bc873a97bd29bbb2c6b4f89e9a6d316,https://assets.teenvogue.com/photos/6014541f14359dc09d78b632/16:9/w_2560%2Cc_limit/TVxHousingCrisis_Homelessness_HEADER.jpg,"A depiction of {Shadow} formed by {Object}, emphasizing the contrast between {Light} and {Darkness}.",
a07e6228f2a24175d64909b489e6eee7,http://i0.wp.com/blog.superstitionreview.asu.edu/wp-content/uploads/2016/01/Spencer_Tunick_Munich_3_Bayerische_Staatsoper_2011.jpg?resize=287%2C362,Using {People} to form a large-scale design of {Shape} in an open space.,
bc4d78ff983c050b89885d6492a31ab7,https://cdn.trendhunterstatic.com/phpthumbnails/407/407392/407392_1_468.jpeg,A quirky chess setup featuring {Vegetation} and {Rocks} on a {Leather} board.,
4ab3162de487360b3d91e83595aabeb6,https://images.techhive.com/images/article/2014/03/177808064-100249448-large.jpg,Visuals of two people using {Object} to bridge the gap between {Location/Position}.,
3047278888d942c4275047cf6d5f7faa,https://www.daniellesplace.com/Images21/paper-plate-craft-Fat-Bear.jpg,A handmade artwork using {Material} to craft a {Animal} with unique features and behaviors.,
1ad68ce0357af2520483ccfc415631af,https://3.bp.blogspot.com/-e0wYJi8qkG8/VtnnGNGekEI/AAAAAAABlJA/QD0N_zNRVto/s1600/funny-animals-202-19.jpg,Animals adorned with {Animal Costume} to look like their favorite {Creature} characters.,
55e9e03fcd3838455980f71b82466c1b,https://us.123rf.com/450wm/surfupvector/surfupvector2104/surfupvector210400431/168168318-.jpg?ver=6,A collection of {Parachutes} in various {Colors} with parachutists in different {Positions}.,
457112a51deb186caa59fc9f1a10a24b,http://7ly.ru/wp-content/uploads/2015/05/natural-umbrella-shelter-rain-animal-photography-29__880.jpg,"A {Animal} is seen on a {Surface}, surrounded by raindrops and greenery.",
53f5374052515fcdc6f962d926aeb75e,https://www.whudat.de/images/2015/01/Meet_Skellie_A_Skeleton_Who_Is_Basically_Any_Girl_On_Instagram_2015_11.jpg,A human-like skeleton dressed in {Clothing} lying on a {Surface}.,
70086d475c87e05819793eaa586b1507,http://images.fineartamerica.com/images-medium-large-5/lizzie-borden-amber-stanford.jpg,Artwork showcasing a human figure with an unusual {Intrusion} blending into their body.,
bbdd4326bd33f86c58c83c6372940503,https://c1.staticflickr.com/1/308/18529028349_54e2759d0e.jpg,A {Fruit} with a human-like facial expression made using {Eyes}.,
c2700f0a5aeebc1bdc463f5dffb91a3c,https://alalodulaldotorg.files.wordpress.com/2013/09/dali.jpg?w=360&amp;h=360&amp;crop=1,Artistic depictions of surreal scenes blending {Figures} and {Objects} into dreamlike landscapes.,
2567fb843692bf5316c6349b0089a392,https://www.momscleanairforce.org/wp-content/uploads/2014/12/two_faced.jpg,"""Artistic representation of {Object 1} and {Object 2} featuring the Earth's surface design on human face masks.""",
0e0f68441d34009cde41aaa414d6d2a4,https://images.squarespace-cdn.com/content/52c87cc5e4b01bdd66a991b8/1389028119605-NQEUCDNU6QW56466J2MN/IMG_3415.jpg?format=1000w&content-type=image%2Fjpeg,A painted artwork featuring {Object} with a {Face} integrated into its design.,
3d9c365b1a8b5eb418abe0dd73065180,https://i2.wp.com/retreat-clinic.com/wp-content/uploads/2018/08/39571410_s.jpg?resize=841%2C569&ssl=1,"""Visual representation of {Family Members} using {Shoes} or {Footprints} to indicate size differences.""",
9c8296e38e5534795354007c8fc238c8,http://nerdist.com/wp-content/uploads/2014/08/1548121_535354089923658_1061645463386813368_o-322x268.jpg,An individual dressed as {Character} interacts with their {Pet} in a themed or matching outfit.,
b5feea2158cd9a2c654237838c5896d1,http://lowres-picturecabinet.com.s3-eu-west-1.amazonaws.com/43/main/30/109274.jpg,An artistic depiction of {Object} with playful arrangements or creative twists in the design.,
aed6714932d292b8a2961b361b5676f0,https://images.dailyhive.com/20210727132949/Van-Gogh-Balloon-2.jpg,"Creative depictions of {Object} merged with real-world elements, producing surreal hybrid images.",
85d34bc576efc2d43c6978b183d76347,https://us.123rf.com/450wm/harvepino/harvepino1712/harvepino171201907/91529827-satellite-view-of-china-highlighted-in-red-on-planet-earth-at-night-with-borderlines-and-city-lights.jpg?ver=6,A satellite view of Earth highlighting {Country} with a glowing representation of {Light}.,
c757b263fb2d6b998dc5b4603ffddf4a,https://www.boredpanda.com/blog/wp-content/uploads/2020/01/Artist-shows-the-daily-life-of-mice-in-a-cute-and-adorable-way-49-Pics-5e1d790162e22__880.jpg,"An imaginative portrayal of {Animal} in an extraordinary setting, such as a {Object} or a {Vehicle}, with a whimsical touch.",
0a1628b653e514b102482f0467f2597a,http://www.mochacasa.com/wp-content/uploads/2015/08/apple-shot-corer-peeler-mocha-300x300.jpg,Creative examples of {Object} used as tools for interacting with {Surface/Object}.,
17c7d1e4ef2f7a9056132dbf9592665c,http://taraw1.sg-host.com/wp-content/uploads/2018/12/Vatican_MuseumStairs.JPG-1024x768.jpg,A stunning spiral staircase with intricate designs in a variety of {Color} tones.,
93c2a0361cbdcdf952c49b69f9a750ff,http://lh6.ggpht.com/-Ae57DReQGLQ/TiAPRvDrpiI/AAAAAAAAO6c/JcRui-TQ3Cw/forever-marilyn1.jpg?imgmax=800,"""Scene featuring a giant {Object} interacting with regular-sized {People/Objects} in an urban setting.""",
54828591f4eb6baef1279bd646632fd4,https://static.livebooks.com/d587d96f5f5d4597bb701dee5f79e75f/i/f203a2ed0dad478dbf75f34459003dce/1/GCuCv727RiYFXYTGZA3v2p/190803632.jpg,Long exposure photos capturing the motion of {Stars} in the {Sky}.,
0517b07914b6c546c12642f758f6573c,http://strictlypaper.com/blog/wp-content/uploads/2012/03/SwatchBookCreator_04.jpeg,The image showcases a person with their face obscured by a pile of {Material}.,
66099a909ddde97342ecfad3f95b052a,https://us.123rf.com/450wm/photodeti/photodeti1312/photodeti131200311/24690875-scottish-kitten-and-puppy-sleeping-together.jpg,"""Images of {Animal 1} and {Animal 2} resting together in a gentle and affectionate manner.""",
a0e4046f314b94376148c8eeb85f2522,http://favim.com/orig/201104/09/Favim.com-15290.jpg,A depiction of {Character} in a surreal environment with {Unusual Elements} integrated into their surroundings.,
129c9ce9c54720284081985e97b79599,http://crea.tips/wp-content/uploads/2016/12/CT-NickSteinberg_SF_Fog_Photos-Featured-702x336.jpg,"""Long-exposure photography of {Scene} capturing the movement of {Elements}.""",
05fdd8abe70208bf9d88baaab87fda16,http://1.bp.blogspot.com/-w0u3ajhvQWc/Tds8hwXAIqI/AAAAAAACI_Q/qh1G_4M2nn8/s400/Mazes_and_Labyrinths_04.jpg,Aerial view of a {Corn Field} showcasing a detailed design of a {Animal}.,
27eba893aff99fe9b65537d304b98286,https://render.fineartamerica.com/images/rendered/search/framed-print/images-medium-5/party-pom-sherry-shipley.jpg,"""Artistic representation of {Animal} featuring bold colors and detailed patterns on a black background.""",
d1b44d1171f153910b9d865ceb0e5f01,https://rlv.zcache.co.uk/the_geese_anti_clerical_postcard-r83a9906d18dd4dd7a68b92fc025c14f0_vgbaq_8byvr_324.jpg,Representation of {Organism} and their {Human Equivalent} in a matching framework.,
84cd54661bfc8d9e12858e8ca94d4620,https://us.123rf.com/450wm/choneschones/choneschones1306/choneschones130600012/20191581-energy-saving-and-simple-light-bulbs-blue-background.jpg?ver=6,"""Image showcasing {Object} standing out due to unique features or characteristics among others.""",
866d1929b08f51895a407bb5859fbd0e,https://i1.wp.com/deborahmunroauthor.com/wp-content/uploads/2017/12/blog-cover-image-heart-in-book.jpg?resize=800%2C500&amp;ssl=1,A {Heart Shape} crafted from {Material} displayed on a {Surface}.,
1aefef13b411d0af66f8026613e3390c,https://i.pinimg.com/736x/1c/86/df/1c86df0fbfeb7d0577df96ea094d7feb.jpg,"""Animals interacting with {Objects} in whimsical scenes set against charming backdrops.""",
c44f8f007d45a79885d897c49a18833b,https://render.fineartamerica.com/images/rendered/search/print/images/artworkimages/medium/1/1-face-to-face-wolf-and-raven-mark-miller.jpg,A moment showcasing a {Predator} in confrontation with a {Prey} in their natural habitat.,
5e4b56af870dc3b759a6fd48916cd9dc,https://i.pinimg.com/736x/be/a6/30/bea6300b1006dec0f7a623dd78816a39--girl-undercut-undercut-fade.jpg,Innovative designs of {Tattoo} incorporated into the {Skin} with unique shapes and styles.,
7e5371bf6a76e7fff32db673aa37207a,https://i2.wp.com/petapixel.com/assets/uploads/2013/08/toiletdiaries15.jpg?resize=600%2C514,"""Creative transformation of {Object} into representations of {People} in different scenarios.""",
d511e46f72ff9d23cae8a3ecdeb34b8a,https://www.eatliver.com/wp-content/uploads/2020/06/fighting-statues5.jpg,Creative use of {Human Figure} blending with real-world {Objects} to craft surreal scenes.,
0b4a06e50c0d9395c589ad172d65eab3,"https://static.wixstatic.com/media/490948_78d6b7de1e134d28a579504b395b6f31~mv2.jpg/v1/fill/w_292,h_292,fp_0.50_0.50,q_90/490948_78d6b7de1e134d28a579504b395b6f31~mv2.jpg",Innovative {Animals} interacting with {Objects} in a humorous or unexpected way.,
de923ea018b623c9a7e5dbd79e089b60,https://i.pinimg.com/736x/88/ca/13/88ca1326a31da4bf89f60cd5fff87e8e.jpg,"""Creative blending of real-world {Objects} with digital {Graphics} to form surreal and imaginative scenes.""",
0e875f09f651532946d6b5996547b27d,http://i.kinja-img.com/gawker-media/image/upload/s--hffyJAF1--/18r8eootsagarjpg.jpg,"Artistic renditions featuring {Object} performing everyday actions, such as using {Device}.",
a4ead47460cca0bdd1e4b1081dac07d1,https://us.123rf.com/450wm/logvinyk/logvinyk1506/logvinyk150608031/40550305-pad-lock-icon-sign-lots-of-colorful-symbols-for-your-design-vector-illustration.jpg?ver=6,Grid of {Object} in various {Colors} with different {Themes} or {Patterns}.,
da46662f5da35752ca7da9b571ece21b,https://img.etsystatic.com/il/6f7c48/1256675576/il_340x270.1256675576_pnwl.jpg?version=1,"A whimsical illustration of a {Animal} combined with a {Food Item}, blending natural and culinary elements.",
2e0629ab83453054b3c6befe4752cb22,"https://image.spreadshirtmedia.net/image-server/v1/compositions/25144240/views/1,width=300,height=300,appearanceId=1,backgroundColor=E8E8E8,version=1478003241/clef-pulse-t-shirts-herre-t-shirt.jpg",A representation of a {Heartbeat} combined with a {Symbol or Object} to signify {Concept or Idea}.,
0595e85516b15b6a70c4771502997be2,"https://image.spreadshirtmedia.com/image-server/v1/compositions/17012368/views/1,width=300,height=300,version=1485256808/bright-green-evolution-drummer-b-1c-t-shirts-men-s-t-shirt.jpg",A depiction of {Species} evolving into a {Modern Role/Activity} across multiple stages.,
3586fa0dbe1a13bc925dbb204b508a0e,https://render.fineartamerica.com/images/rendered/search/canvas-print/mirror/break/images-medium-5/ice-crown-alexey-kljatov.jpg,"""Illustrations of {Snowflake} shapes in various {Colors} against contrasting {Backgrounds}.""",
c55c14d62e96d457585ac58c63b71a42,https://www.litcom.ca/wp-content/uploads/2019/09/Data-Privacy-and-Protection-in-the-Organization_-Safeguarding-Your-Customer-Data-600x490.jpg,"""Grid-like arrangement of {Objects} on a {Surface}""",
02645f53fd3b3240afa49efa2c820c9f,https://thepakistan.pk/wp-content/uploads/2021/03/opposition-claims-spy-cameras-installed-in-polling-booths-for-senate-chairman-elections-scaled.jpg,"""{Object} bursting through a ripped sheet of {Material}""",
8621fc9086395463c436e9851ed50381,https://pics.wikifeet.com/Grace-Jones-Feet-441253.jpg,Artistic sculptures of {Person} embodying unique poses with {Object}.,
ca0d3ca79fd52b84147e5895ea853edc,https://us.123rf.com/450wm/seregraff/seregraff1609/seregraff160900097/65217923-funny-cat-of-breed-mekong-bobtail-without-tail-clumsy-standing-on-hind-legs-isolated-black-backgroun.jpg?ver=6,Artistic depictions of {Animals} caught mid-movement in expressive and dynamic positions.,
6e046f645c0d5660f8ab23a66467ee16,http://ilovepapers.com/wp-content/uploads/papers.co-ap66-blue-umbrella-cute-minimal-art-disney-6-wallpaper.jpg,An illustration highlighting the unique {Object} within a group of similar {Objects}.,
a6c12bcd7a3be6b6ff252010fc8b02e3,https://technabob.com/blog/wp-content/uploads/2013/07/space_cookie_cutters_1-600x500.jpg,A visually compelling presentation of {Food Items} styled as {Objects or Scenes}.,
ae7403194d909880ae7086ed5c0e6efe,https://us.123rf.com/450wm/yik2007/yik20071704/yik2007170400083/75353589-silhouette-of-cow-with-coniferous-trees-on-the-background-of-colorful-sky-sunset.jpg?ver=6,"An artistic illustration of a {Animal} with an embedded scene, including {Scene Elements} and {Figures}.",
28c9d4e1075b012bc8817301c912c38f,https://render.fineartamerica.com/images/rendered/search/wood-print/images-medium-5/fractured-identity-edit-1-leah-saulnier-the-painting-maniac.jpg,A depiction of a {Character} merged with natural elements like {Plant} or {Earth}.,
da85fa3fd58a7d63755763cc4c748a6b,https://www.barnorama.com/wp-content/images/2013/01/cats_vs_blinds/01-cats_vs_blinds.jpg,"""Animals caught in mid-action as they interact with their environment, resulting in dynamic and playful poses: {Animal} in {Setting}"".",
a39d9488312541f7bb5e30fb0a5f9c8c,https://zdmkdcwjde3qmy1sxutql6lo-wpengine.netdna-ssl.com/wp-content/uploads/2017/04/33004saanichButtercup2PMay2512.jpg,"""Image of a {Dog} standing on a {Vehicle} in a playful or unexpected way.""",
81dc958eab32f4656c605a8cb9342ddb,https://hub09.it/wp-content/uploads/2013/04/watch-out-for-flying-houses-laurent-chehere-french-photographer-the-flying-tortoise-004.jpg,Unusual {Flying Object} blending real-world {Structure/Device} with imaginative {Element}.,
8b50a0931610cc9424e283cee00d51ed,https://render.fineartamerica.com/images/rendered/medium/print/images/artworkimages/medium/2/something-blue-alan-campbell.jpg,A black-and-white photo with {Color} accents on {Subject}.,
9591d2b487724bbef5ad6902aa751d0f,https://www.helmetheads.co.uk/images/thumbs/0001601_crazy-ears-crown-pink_550.jpeg,A {Helmet} adorned with a {Type of Crown} for a regal touch.,
38305373c35a0478630691645740f183,https://static.wikia.nocookie.net/roosterteeth/images/c/c8/Benson_and_Budgies.png/revision/latest?cb=20171230184307,A {Dog} interacting with a {Bird} inside a {Cage}.,
3170d8f60289c7bdd63f7182177f31a1,https://i.dailymail.co.uk/i/pix/2012/05/04/article-2139445-12EBC301000005DC-849_634x482.jpg,A creative setup for using {Object} as a unique method to transport {Child} or {Item}.,
ada727aa1abf1d4cd37a166f854a43fd,https://www.redcandy.co.uk/media/catalog/product/cache/1/image/700x700/9df78eab33525d08d6e5fb8d27136e95/2/6/26530_high02.1544020441.jpg,An artistic design of a {Bookend} featuring the silhouette of a {Person} interacting with a {Bookshelf}.,
412a9452a7c8c134691130be735db0b7,https://images.snapwi.re/cf33/547e05ab9778b0ec067b23c8.w800.jpg,"The {Shadow} of a {Person} is cast on the ground in front of them, creating a unique visual effect.",
d6f8b581322cb568ba7b998122d341aa,https://www.wclt.org/site/wp-content/uploads/2021/02/Owls-banner_1920-x-1080.jpg,An artistic depiction of {Animals} interacting in a way that resembles {Human Activities}.,
7f151d5f6515b868b81a6a557bf40f1e,https://us.123rf.com/450wm/arevka/arevka1906/arevka190600014/126115071-isolated-botanical-illustration-of-watercolor-dandelion.jpg?ver=6,"An illustrated representation of the life cycle of a {Plant}, highlighting stages such as {Stage 1}, {Stage 2}, {Stage 3}, and {Stage 4}.",
de7627444e24bcdc4ddc8e480b18fc6d,https://monkontheroad.files.wordpress.com/2014/10/shrek-the-sheep-avoids-shearing.jpg?w=740&h=489,A {Person} interacting with a giant version of their {Object} in an exaggerated scale.,
7ab3eb7eee7ba9c61910c929a6245b7c,https://us.123rf.com/450wm/yupiramos/yupiramos1809/yupiramos180905352/107577512-young-man-with-bulb-vector-illustration-design.jpg?ver=6,"Visual representation of a {Person} with an {Object} floating above their head, symbolizing {Concept or Idea}.",
c401f9ff637f6bccbe150fba6eb8a8cf,https://aac-publications.s3.amazonaws.com/articles/aaj-13201214215-1499189787.jpg,Map of a {Mountain} with a highlighted {Route} marked in red.,
c0ca6960cf1821518b8a8188298d22c1,https://us.123rf.com/450wm/everythingpossible/everythingpossible1304/everythingpossible130400052/18988634-businessman-and-light-bulb-head-and-traveling-around-the-world-as-concept.jpg,"Artistic depiction of {Object} blending with {Person}, resulting in a unique fusion of {Scene} or {Themes}.",
3f58cbe184a3e6af58e5394a2e8a1fbb,https://www.telegraph.co.uk/multimedia/archive/02437/planb_2437433b.jpg,A collection of {People} in distinct {Poses} on a {Background}.,
95e64498374dd6220ccfda63411d00ce,https://shop.fatcatart.com/wp-content/uploads/2020/11/Helst-Fat-Boy-and-Fat-Cat-post.jpg,A {Portrait} featuring a {Person} holding a {Animal}.,
b4243e72b01e880001b2da41e102ca37,https://us.123rf.com/450wm/5second/5second1902/5second190200777/116600109-cute-cat-with-glasses-isolated-on-white-background.jpg?ver=6,"""Animal wearing {Object} as part of their natural appearance.""",
b44384d7fe1fc69ae800ee3e9a2d9681,"https://ih1.redbubble.net/image.390308326.4872/raf,360x360,075,t,fafafa:ca443f4786.jpg","""Artwork of {Object} with multiple {Faces} integrated into its design.""",
6b759eb06448b5856a7cb4e0ba57c955,https://lilisalazar.com/wp-content/uploads/elementor/thumbs/creative-layout-gold-pineapple-on-violet-backgroun-NJ6LXD5-scaled-1-p3lxymbko5brxa0vysyx9lkkdxaob7e6a87tssbn54.jpg,""" {Fruit} placed on a solid {Color} background.""",
8ebf98aa4c5a3a90d7c6088fc162af11,https://www.lhh.com/us/en/-/media/lhh/usa-rd2020/insights-images/image-48.jpg?h=591&w=591&hash=F2293054E3654A4D96D65AB16F9EDACE,"""Illustration of a {Person} performing an acrobatic feat while balancing on a {Object} in the sky above a {Cityscape}""",
db0c69f8bccfdc99726325ce758a0bf4,https://us.123rf.com/450wm/ifong/ifong1609/ifong160900010/63375548-milk-splash-with-strawberry-from-top-view.jpg?ver=6,"{Fruit} hitting a pool of {Liquid}, creating a splash effect.",
bcbd4775edbb0b8b84d29efbaca26e8d,http://www.chasingthefrog.com/t-shirts/batman/rctjk-bg.jpg,Visual representation of {Object} and its {Real World Counterpart} merged into one entity.,
495cbf29704e43eae0052661dfcbe9e7,"https://ih1.redbubble.net/image.8223367.2977/mp,550x550,matte,ffffff,t.3.jpg",Capturing the long exposure of {Stars} or {Moon} movement above a serene {Landscape}.,
23e3ebec7d56ac2b7447ceb87324b624,https://img.etsystatic.com/il/0b3ea7/790228899/il_340x270.790228899_9ykg.jpg?version=0,An image showcasing a collection of {Object} with slight differences in {Feature} and {Design}.,
860802e72ac5a3b7f08b9a95c671c151,https://www.papercards.com/images/avanti/cd2961-frog-with-braces-encouragement-card.jpg,Artwork featuring {Subject} with an exaggeratedly cheerful or expressive facial expression.,
3aa624d77de13b927ff772f1cdf294a8,https://mymodernmet.com/wp/wp-content/uploads/archive/4qTzNIMFbAfDjRTThXQG_1082106357.jpeg,Artistic wireframe sculptures of {Object} crafted with intricate designs.,
230886f169251b56274c3d1fef80cb9f,https://www.thoughtco.com/thmb/FRlawwnALsepPBvKlNjMt46Q1lY=/2122x1415/filters:no_upscale():max_bytes(150000):strip_icc()/GettyImages-171592000-56a9e2e93df78cf772ab3a29.jpg,"""Artistic representation of a person interacting with surreal elements like {Object} or {Scene} in an imaginative environment.""",
58ea2e99d4db78afc79d4c5e3c27ee9b,"https://i.kinja-img.com/gawker-media/image/upload/s--G8uw4RBJ--/c_scale,f_auto,fl_progressive,q_80,w_800/tvkchlducqfnbguccvol.jpg",A diver in full gear performing a leap off a {Platform} into water below.,
d9575d7689ae0a3c6941de9fb5c26b52,https://us.123rf.com/450wm/kenishirotie/kenishirotie1608/kenishirotie160800036/65122878-leadership-concept-with-blue-ship-leading-among-the-white.jpg?ver=6,Visual representation of {Object} with one distinct {Object} differing by {Color} or {Feature}.,
86d2bfdd3fd87648800e334a9b209e2b,https://cdn.shopify.com/s/files/1/2794/2578/products/bird-lamp-waiting-outdoor-white-seletti-124359_2000x.jpg?v=1577145657,A design of {Animal} with a {Light Bulb} integrated into its body for illumination.,
8bd3333b076955c84790127854bbacf5,https://us.123rf.com/450wm/jpgon/jpgon1608/jpgon160800686/60812449-illustration-of-an-isolated-male-plug-with-a-female-single-parent-family-pictogram.jpg?ver=6,An illustration of {Object} with a {Symbol or Figure} integrated into it.,
cf5e3a35791613e794c97ac59bb7d2a8,https://us.123rf.com/450wm/paylessimages/paylessimages1503/paylessimages150356582/49391108-miniature-of-salaried-workers-to-stop-the-taxi.jpg?ver=6,Detailed miniature setups featuring {Object} interacting with oversized {Human}.,
132b2d31db9bc623ac0d4e917088dcb9,https://images.squarespace-cdn.com/content/5488dcdde4b0563d5789e334/1525525126117-19DRNTN802COKIEZA2MA/FullSizeRender.jpg?format=1000w&content-type=image%2Fjpeg,"""Image of a {Bird} with its reflection visible in the water.""",
b7f6685db5f481cd2557a33570b40de0,https://i.icanvas.com/TRE7?d=3&sh=s&p=1&s=s&bg=w&t=1537550291,"""Cartoon illustration of a {Animal} in a {Scene with Unusual Elements}""",
a0546ac22c7ba8204a62395dcc9e1a77,https://www.eaglescry.org/wp-content/uploads/2016/05/Gibian-art-506x900.jpg,Intricate {Artwork} made from interwoven {Material} highlighting the beauty of {Shape} in architectural spaces.,
7367aff328070138ce961961480e3136,https://www.healthista.com/wp-content/uploads/2017/10/yoga-nature-which-type-of-yoga-suits-your-personality-by-healthista.png,"""Double exposure of a {Person} blending with an {Outdoor Environment} to create a nature-inspired scene.""",
d3287dae9050d983de4be18034f8a213,https://us.123rf.com/450wm/transylvania/transylvania1909/transylvania190900249/129806399-toolbox-flat-color-icons-in-square-frames-on-white-background.jpg?ver=6,Illustration of a {Object} with a variety of {Color} accents and framed designs.,
6279a339fcbf68b8c563d8c5dfa30d51,https://us.123rf.com/450wm/snolligoster/snolligoster1112/snolligoster111200002/11641542-daughter-pulls-father-for-hand.jpg?ver=6,"""Image of a {Person 1} reaching out to assist a {Person 2} in overcoming a challenge.""",
5920b30bd467367a2c4bc72cca46fecf,https://www.belfasttelegraph.co.uk/news/republic-of-ireland/c5dd1/38715631.ece/AUTOCROP/w620h350/bpanews_a12040cd-18d1-4b49-b03e-24d5db09953c_1,"""Illustration of {Person} using {Action} to project an exaggerated {Shadow Figure} on the wall.""",
a56a61b43153e7f65a6c7c186fb27595,http://www.dutchcowboys.nl/uploads/images/mcwhopper-fail.jpeg,"A representation of {Object} created using materials like {Material 1}, {Material 2}, {Material 3}, and {Material 4}.",
4b6c7266a656788664bc403f2d0faa61,https://rockfordcl.vtexassets.com/arquivos/ids/244920-350-350?width=350&height=350&aspect=true,"""Illustration of a person with a {Animal} head, embodying the fusion of human and animal traits.""",
d875cf16f39fe550216db51ab61a205c,https://i.imgur.com/H9vEKr.jpg,"""Creative hybrid artwork combining {Animal} and {Object} into unique and unexpected combinations.""",
6940880e03238095d8cdb12070990a66,https://thumbs.dreamstime.com/b/heart-shaped-instant-coffee-powder-cup-coffee-white-background-64716024.jpg,An artistic representation of {Food Item} shaped into a {Object or Shape}.,
6ef0f9eb445e7abcfa9f0ccf81eaa7fb,http://img.kb-cdn.com/imgviewer/NVpIM2ptOHhYRzVmUk5rM1NrNlFxYVV6enV4aGk2UFRJMmxPckdDUUVNWi8yNXUzYUFPckk4Rk5ETDdsMnpXZ2w4eFBDT1dtcXVKZ2lUazdORit5RFA4YnNRaUVwUTJ3TE9TZ0hvUFN2SHRNeWpkUHdHb2FQUFBPWVJxakVRNFBXSFdURGpZT2dLSVBsYWhleHhlSDExZndxaXFzODNBcmdNVHlQbkFzemRpbFdtQ210NUVVV0pyeitkOCthNmJkeUUzbVVHOEtTNEZiN3F4bjNSdkljb1Y0ZmZ6RWE3QWJaS2VHdzZBVEdiZXZQTlNTVFhhc2IwblpvQlgxOXp0SQ==,"A {Device} with a {Wire} connected to it, placed on a {Surface}.",
ae6b385f1fa71289d8dc79839b848db3,https://www.spruceridgekennels.com/files/danielle-and-her-babies-sheltie-toy-poodle-3.jpg,A {Parent Animal} and her {Offspring} seen in their natural habitat or setting.,
6c873d5199bea06ce157277dc8271cdb,http://www.drjoethekidsdentist.com/blog/wp-content/uploads/2019/07/AcZH4-42fNO-1024x1024.jpg,"Representation of a {Object} with a smiling face, emphasizing its positive connotation.",
9f48f4ab27105efeac66467869f131cb,https://us.123rf.com/450wm/eraxion/eraxion1903/eraxion190300380/118393694-stock-illustration-3d-rendered-medically-accurate-illustration-of-a-females-lymphatic-system.jpg?ver=6,Visual representation of the {Body Part} focusing on the {Muscle Groups} and {Bones} of the {Segment}.,
b60b9ac6d8d080479a120ec91bb7c1cb,https://s3-ap-southeast-1.amazonaws.com/static.streetsine/Project%20Photos/8132/L/1931452.jpg,"Innovative building designs featuring irregular layouts, unique shapes, and integration with nature in urban environments.",
05d7bd75dae0d59d175501cb58b1ae65,https://us.123rf.com/450wm/picsfive/picsfive1704/picsfive170400038/77002452-blue-white-paint-in-water.jpg?ver=6,An underwater burst of {Liquid} creating a visually striking shape.,
a4f63fdc37079c71d1b71a69ed61fd5a,http://i3.cpcache.com/product/491582845/squirrel_with_beer_sticker_oval.jpg?width=550&amp;height=550&amp;Filters=%5b%7b%22name%22%3a%22background%22%2c%22value%22%3a%22F2F2F2%22%2c%22sequence%22%3a2%7d%5d,"Creative illustrations of {Animal} interacting with unconventional items: {Object 1}, {Object 2}, {Object 3}.",
7724590e1245d6614a2a56cd2e1bf58a,https://img.download-film.club/k1/?m=image.tmdb.org/t/p/original/aN2KPXPqrpYLdFF27afMr08vhiE.jpg&w=400&h=300&t=square,A surreal moment of a {Person} suspended in mid-air within a visually striking environment featuring {Object} and {Scene}.,
d5bc6d73fa723757cffa2c2302774993,https://bitrebels.com/wp-content/uploads/2013/02/wedding-groomsman-superhero-accessory-1.jpg,Using {Object} as a stylish accessory on a {Clothing Item}.,
1dfe55d067563ddb4b562805014e5f58,https://images-wixmp-ed30a86b8c4ca887773594c2.wixmp.com/f/d5f31d7c-c777-4582-beb8-073e261a662a/d54fkv7-215749e4-6b54-4e30-b6af-71d1d9894321.jpg?token=eyJ0eXAiOiJKV1QiLCJhbGciOiJIUzI1NiJ9.eyJpc3MiOiJ1cm46YXBwOjdlMGQxODg5ODIyNjQzNzNhNWYwZDQxNWVhMGQyNmUwIiwic3ViIjoidXJuOmFwcDo3ZTBkMTg4OTgyMjY0MzczYTVmMGQ0MTVlYTBkMjZlMCIsImF1ZCI6WyJ1cm46c2VydmljZTpmaWxlLmRvd25sb2FkIl0sIm9iaiI6W1t7InBhdGgiOiIvZi9kNWYzMWQ3Yy1jNzc3LTQ1ODItYmViOC0wNzNlMjYxYTY2MmEvZDU0Zmt2Ny0yMTU3NDllNC02YjU0LTRlMzAtYjZhZi03MWQxZDk4OTQzMjEuanBnIn1dXX0.8Qm0M-yc-l4qfbiE0rGg9BnOt1Eks2SIIwSqqIeRUJY,Tiny replicas of {Food Items} created with fine details and realistic textures.,
a11132b5599e4b3b2ab629187ed43f77,https://cdn.shopify.com/s/files/1/1869/0319/products/art-file-color-red_fe0b2de1-a72d-4545-8948-aa5fd975ff41_571x432_crop_center.jpg?v=1572540167,A heart-shaped design crafted from {Number} {Shapes}.,
c20315d7048587ea0942ecb1e4e65312,https://aninspiring.com/wp-content/uploads/2019/10/20191017_5da83ca77a83c.jpg,"""Images of {Animal} interacting playfully with humans in natural or outdoor settings.""",
c1ce7bcf4ad68b2240d862bc164407f6,https://us.123rf.com/450wm/denisnata/denisnata1203/denisnata120300049/12561966-cute-puppy-in-a-wicker-basket-on-a-white-background.jpg,A {Wicker Basket} holding a {Animal} with a {Gift Wrap} decoration on top.,
7a32c43c72e4d7a54ff08abfd96b8d6b,https://imgc.allpostersimages.com/img/posters/erik-parbst-kitten-on-a-clothes-line_u-L-F4TGCH0.jpg?src=gp&amp;w=300&amp;h=375,"""Action shot of {Animal} interacting with {Object} in motion.""",
8740a1f164494772087ea86465357edd,https://us.123rf.com/450wm/ra2studio/ra2studio1408/ra2studio140801222/30590103-businness-guy-in-front-of-bright-idea-light-bulbs-concept.jpg?ver=6,"A person observing hanging light bulbs, with one glowing brightly and sparking energy.",
4f36a3cab74640f0fe059930bd4bae17,https://64.media.tumblr.com/tumblr_m0sk6ck0TD1qgpqg5o1_500.jpg,"A look at the {Sky} through an opening in the {Surface}, revealing a unique perspective on clouds and the horizon.",
3710fc8cbfd93b7a84034aa473e9fd67,https://dm0qx8t0i9gc9.cloudfront.net/previews/image/rDtN98Qoishumwih/storyblocks-caucasian-business-man-came-up-with-a-successful-idea-young-business-man-pointing-finger-up-while-standing-under-question-marks-and-idea-light-bulb-vector-flat-design-illustration-vertical-layout_rdJFmM22b__PMNW.jpg,Visual representation of a {Person} with {Question Marks} pointing toward a {Idea} or {Solution}.,
17ea96f9a8e7da6be54813074e8436a1,https://s3.envato.com/files/161824808/portrait%20collection%20pre.jpg,"An array of {Objects} featuring unique styles, colors, and designs in square frames.",
ca59ada6d6c52f3a5a4090634053e40f,https://us.123rf.com/450wm/ble2home/ble2home1712/ble2home171200016/92412202-orange-melon-fruit-isolated-vector-and-icon.jpg?ver=6,"A visual presentation of {Fruit} in whole form, sliced sections, and individual pieces.",
52fadf2833b6ee1842f79f0a184e1684,https://render.fineartamerica.com/images/rendered/search/print/images/artworkimages/medium/1/bonjour-paris-joachim-g-pinkawa.jpg,"""Scene with people using {Type of Umbrella} in various {Weather Conditions}, set against a {Landmark}.""",
9a2b29896c90be8bd7c061de79f05c5e,https://images.squarespace-cdn.com/content/v1/52ef0a16e4b0c45fade63d38/1539143716131-YQO2MKM85GBH3MQDAH13/ke17ZwdGBToddI8pDm48kNe6zOZTHfz7l6ZgjxUpukVZw-zPPgdn4jUwVcJE1ZvWQUxwkmyExglNqGp0IvTJZamWLI2zvYWH8K3-s_4yszcp2ryTI0HqTOaaUohrI8PI_yASvo-WEqohroAwDGiHyF2S9ug-6_kqb0gBNu81ch4KMshLAGzx4R3EDFOm1kBS/Mermaid+Water+Rescue+SCUBA+Diver,"Interaction between {Diver} and {Mermaid} under the sea, showcasing {Action} and {Setting}.",
bfd2958b66c95e196fe60428a4d4e28a,https://cdn.webshopapp.com/shops/292230/files/316137639/image.jpg,A {Shape} design holding multiple {Objects} in a tiered arrangement.,
4a645a0254aa4e075ce4acf50baad2cb,https://imagesvc.meredithcorp.io/v3/mm/image?url=https%3A%2F%2Fstatic.onecms.io%2Fwp-content%2Fuploads%2Fsites%2F34%2F2016%2F02%2F18224351%2Ficecubes-flowers-0511mld107066_vert.jpg,"""Preserved {Flowers} encased in solid {Ice}.""",
719d825ff6f8cec4530dc622ed4ed12a,https://us.123rf.com/450wm/ra2studio/ra2studio1303/ra2studio130300376/18529971-happy-young-woman-holding-smiling-balloons-drawing.jpg?ver=6,A person holding a {Drawing} of a heart-shaped {Object}.,
d02f0ba95d77f8132182966262b9ee8b,"https://images-wixmp-ed30a86b8c4ca887773594c2.wixmp.com/f/08781a3f-dee0-4b8d-82d0-1cf6ad394495/d2zmt6a-263c9f25-19ae-4198-8585-4ef34b94a2dc.jpg/v1/fill/w_900,h_637,q_75,strp/japanese_with_pig_and_wave_by_jaimeposadas_d2zmt6a-fullview.jpg?token=eyJ0eXAiOiJKV1QiLCJhbGciOiJIUzI1NiJ9.eyJzdWIiOiJ1cm46YXBwOiIsImlzcyI6InVybjphcHA6Iiwib2JqIjpbW3siaGVpZ2h0IjoiPD02MzciLCJwYXRoIjoiXC9mXC8wODc4MWEzZi1kZWUwLTRiOGQtODJkMC0xY2Y2YWQzOTQ0OTVcL2Qyem10NmEtMjYzYzlmMjUtMTlhZS00MTk4LTg1ODUtNGVmMzRiOTRhMmRjLmpwZyIsIndpZHRoIjoiPD05MDAifV1dLCJhdWQiOlsidXJuOnNlcnZpY2U6aW1hZ2Uub3BlcmF0aW9ucyJdfQ.L1alIyubzPmgqbTjZtAIJhz9NcrSRX8SbAkgBrK7OhI",An art piece combining a {Artist} and a {Subject/Object} into a unique creation.,
adde5bed875f3df30178f0cdbcaddf1a,https://us.123rf.com/450wm/ksenyasavva/ksenyasavva1509/ksenyasavva150900099/45628057-stock-vector-coloring-book-for-children-little-boy-listening-to-music-on-headphones.jpg?ver=6,"""Coloring page of a {Object} featuring a black-and-white illustration alongside color options for customization.""",
9aeea798fe0e2850bd1a9b45c7e8001f,https://us.123rf.com/450wm/imagesourceprem/imagesourceprem1706/imagesourceprem170672308/80964914-telephone-in-a-bin.jpg?ver=6,"""Objects wrapped in {Material} to prevent {Item} from getting damaged during transportation.""",
a5de370fa4dfa010f6e5b5e491f32a00,https://us.123rf.com/450wm/belchonock/belchonock1908/belchonock190807859/128610066-fresh-grapefruit-and-banana-on-blue-background-sex-concept.jpg?ver=6,"A {Fruit} sliced in half with {Liquid} pouring out from inside, forming an imaginative visual.",
5da82dacec7ab984f78bb75e034bbe75,https://spaceshipsandlaserbeams.com/wp-content/uploads/2016/02/17-Shark-Watermelon-Fruit-Bowl-660x879.jpg,"""Creative carving of {Fruit} into unique shapes of {Animal}.""",
180930e19d5f0bd27bd1502cf2fde216,https://cdn.shopify.com/s/files/1/0209/1522/products/smartphone-cases-rip-harambe-smartphone-case-5_f5c76eda-f51e-4002-9952-1634cb95bc58_grande.jpg?v=1531360788,"""Visual representation of {Subject} with an {Angel} halo to symbolize {Concept} or {Appearance} of divinity.""",
bb5223b051ccc1b00dfb175a22117a00,https://www.easypeasyandfun.com/wp-content/uploads/2015/07/Easy-Origami-Frogs.jpg,A group of {Objects} in different {Colors} arranged on a {Surface}.,
8ae5be77703cbddb7b1ff87636444642,http://www.bike4happiness.com/wp-content/uploads/2015/06/P1020697-1024x576.jpg,A {Cat} explores a shop window showcasing {Objects}.,
d9ae9a4dab4ad8e922f530bc2867bfba,https://i.pinimg.com/736x/1f/ea/06/1fea063d77dc5fec305ad37dbbc15730.jpg,"Creative designs of {Object} hats made from knitted materials, covering the head and emphasizing unique styles.",
9df009def1683313f830fd409a52ccee,https://www.donlewallen.com/wp-content/uploads/2018/05/EN1A8732-340x350.jpg,Exploring the artistic representation of {Shapes} in {Materials} and {Colors}.,
3dad3ba165cf4d7445dbca76290a3870,https://i.pinimg.com/736x/34/52/fd/3452fd156966bf4ff67f384da9915766--nike-shoes-outlet-cheap-nike.jpg,An artistic portrait showcasing {People} with {Objects} placed on their skin or hair.,
3096371ed3d6dc4ae38bcfdcb95f7d8a,https://cdn.shopify.com/s/files/1/0104/3755/8372/products/8884944205_1547367314_1024x1024.jpg?v=1575469149,People wearing unique {Mask} designs inspired by various {Animal} types.,
60c4cb6489f98b7cbdefac40626098bd,https://ae01.alicdn.com/kf/H828dda3dca204dfc94c176ab61e2c852q/Cute-Cheese-Mouse-Creative-Tricky-Scary-Pinch-Music-Decompression-Toy-Party-Holiday-Gift-For-Adult-Kids.jpg,Artistic display of {Food} featuring hidden {Objects} in its composition.,
4259309fb859320028c7bc464e1793e2,http://chuckclose.com/images/th_work_timeline018.jpg,A person positioned in front of a giant artwork showcasing their {Face}.,
64c5073831aa914b2d598c5650722d84,https://happytowander.com/wp-content/uploads/2016/03/Happy-to-Wander-Neuschwanstein-and-Fussen-0765-1024x681.jpg,"A {Scene} with a {Card/Photo} featuring a {Subject} superimposed, merging real-world visuals into a surreal blend.",
71f764fdd2c30e6e193581dbd71fd57e,https://i.pinimg.com/736x/e4/18/2c/e4182c0d514410148c5b5e818b1f686f.jpg,Hidden storage solutions with {Object} that transform into functional spaces like {Surface} or {Furniture}.,
5b402b6f3b9e3b1eddd45a9f204aba68,https://us.123rf.com/450wm/orla/orla1812/orla181200002/118899450-a-child-is-in-a-rocking-chair-with-an-elephant-this-is-a-3d-render-illustration-.jpg?ver=6,A visually surprising illustration showcasing an {Object 1} balancing on a seesaw alongside an {Object 2} of contrasting size or weight.,
8b962e14ff1e68c3da3224c7e5abb26d,https://static.artfido.com/2015/03/By-David-Zinn-in-Michigan-USA-890986.jpg,Artistic blending of real-world {Objects} with imaginative {Characters} or {Scenes}.,
d703e12c0f07eeaeb88d8a855f76a6a6,http://o.aolcdn.com/dims-shared/dims3/GLOB/crop/4806x3204+0+0/resize/900x600!/format/jpg/quality/85/http://o.aolcdn.com/hss/storage/midas/48e257582be00996c693c82ac42fae1a/204173364/587126400.jpg,A view of {People} diving off a {Platform} into a {Body of Water}.,
3fa1b654b9f762cf78de2acbf9772c4b,https://us.123rf.com/450wm/ra2studio/ra2studio1406/ra2studio140601313/29133997-beautiful-young-lady-holding-realistic-3d-light-bulb.jpg,A depiction of a {Person} interacting with a {Object} in an imaginative way.,
304e42091d92f98eccceb37fbdf9ea9b,http://travelsandliving.com/wp-content/uploads/2015/11/Trolltunga-Norway-a-man-siiting-on-the-tip-of-the-tongue-not-afraid-of-heights.jpg,A thrilling view of {Person} engaging in {Activity} near the edge of a {Structure}.,
2a190406e78909823cb7e2b9cfd5112b,https://myrepublica.nagariknetwork.com/media/cache/nagarik_thumbnail_458_364/uploads/media/77_20200705113622.jpg,"""Scene showing {People} observing a {Vehicle} in an unexpected position after a {Disaster/Accident}.""",
10a077a151664861efa106afd37df708,https://render.fineartamerica.com/images/rendered/search/canvas-print/mirror/break/images-medium-5/color-bleed-eric-fan-canvas-print.jpg,A surreal portrayal of {Object} with an imaginative {Color} or {Pattern} addition.,
61134db150e8798090067f1f9e0c85fc,https://thewisy.com/wp-content/uploads/2018/02/kettlesganged.jpg,"An assortment of {Objects} showcasing distinct variations in {Type}, {Design}, or {Feature}.",
5435da3118ad934676cb209ed2a4a164,"http://ih1.redbubble.net/image.11136283.1284/flat,1000x1000,075,f.jpg","Step-by-step depiction of the {Event} as it unfolds, highlighting the transformation of {Subject} in stages.",
64c268b756093d147e37f471e6ef6987,https://cdn.shopify.com/s/files/1/0070/7087/5746/files/moyustore-3d-metal-assembly-diy-mechanical-mantis-insect-model-puzzle-kit_2_704x704_24c86cb3-787d-4211-a3bb-8546edfa9115_480x480.jpg?v=1628573703,Artistic steampunk representations of {Animals} crafted from combined {Metals} and {Rust}.,
5d7020b2fbd5133f2c6df5d7904c7537,http://cdn.cnn.com/cnnnext/dam/assets/151125165153-32-poy-2015-restricted-super-169.jpg,An image of a {Bird} in flight with a blurred background.,
21fbeffc660b72be886b3059e2c52b3c,https://mensbeat.com/wp-content/uploads/2015/04/muscle-building-300x300.jpg,Illustrations showcasing the anatomy and skeletal framework of the {Human Body} from diverse perspectives.,
01a627c6e0157f6ad4b79abf6561f157,https://www.fellowfunders.es/blog/wp-content/uploads/2017/09/ThinkstockPhotos-494499036-300x300.jpg,Miniature {People} interacting with oversized {Objects} in a symbolic scene.,
79ac2d3121ddcbe47da4524653fd53f8,"https://static.wixstatic.com/media/be224c_abd757a7247c49348a8805aff38c5bd9~mv2.jpg/v1/fill/w_960,h_960,al_c,q_90/be224c_abd757a7247c49348a8805aff38c5bd9~mv2.jpg",A series showcasing {Subject} created using different {Styles} and {Techniques}.,
3e02a365cd0e06feccb7251db9105242,https://ychef.files.bbci.co.uk/976x549/p01dqb9g.jpg,Creative use of {Object} placed in unexpected {Location} to produce surreal images.,
6dadaa0977f01728deced85f8a4fb171,https://i.pinimg.com/736x/82/0b/db/820bdbd422ce5bfb66c9702c38f33830.jpg,"A depiction of a {Subject} as part of a {Scene/Environment}, showcased on both a wall art piece and a themed {Item}.",
49d6f1bdb3107be802b5fc50b4619c22,http://mushisukidesu.cocolog-nifty.com/blog/images/2012/08/28/all_species_of_moths_collected_from.jpg,A visual showcase of diverse {Objects} with labels describing their features or names.,
b64ab3be82590067594fc3c7aacf6ae8,https://us.123rf.com/450wm/max5555/max55551906/max5555190600198/125891650-face-smile-made-with-honey-drops-on-lid.jpg?ver=6,"""Creative use of {Food Items} to form the shapes of {Faces} with various expressions.""",
89eb5fa2962973360658e72f8c411804,https://www.telegraph.co.uk/multimedia/archive/02171/bird-feeder_2171421k.jpg,"Feeding {Bird} with {Food} in different environments, such as parks, beaches, or urban areas.",
5b96f4279729e8f7d76877cbd95daa41,https://i.pinimg.com/736x/b5/60/af/b560af8ec91ab18ab0503a163d67780a.jpg,"A massive {Food Item} that surpasses typical sizes, featuring an extraordinary layering of {Ingredients}.",
9ba147efa0ba72093443c7652218ba95,https://us.123rf.com/450wm/powerart/powerart1710/powerart171001565/88216784-set-of-6-song-outline-icons-set-collection-of-audio-level-station-gramophone-and-other-elements-.jpg?ver=6,"An assortment of {Object} icons represented in {Style} with distinct meanings: {Category 1}, {Category 2}, {Category 3}.",
aecb871ecca70a6491bc6a14efed561a,https://i.ytimg.com/vi/ZqA4s0tW3_o/maxresdefault.jpg,An assortment of {Objects} from various {Categories}.,
354350eb117d7aa04f6a95efa0445c81,https://img.freepik.com/free-vector/young-man-character-constructor-with-body-parts-legs-arms-hand-gestures-angry-dissatisfied-surprised-calm-face-expression-full-length-boy-stylish-hairstyles-flat-vector_87946-655.jpg?size=626&ext=jpg,"""Character creation kit featuring various {Faces}, {Hair Styles}, {Eyes}, {Expressions}, {Heads}, {Poses}, {Clothing}, and {Accessories} for animation or design.""",
677e40ff3c574fc6a068845b029561bb,https://us.123rf.com/450wm/tatianasun/tatianasun1807/tatianasun180700040/115907440-5-star-rating-icon-vector-isolated-illustration-on-blue-background-.jpg?ver=6,A visual representation of {Rating} using {Number} filled-in {Shape}s out of a total of {Total} shapes.,
3e10cab1bce23d569295d2f3a2dbf9c2,https://abelard.org/images/4news11/rice_art3.jpg,"Intricate {Designs} crafted with {Rice} in {Fields}, showcasing {Animals}, {Characters}, or {Objects}.",
6b465b6fed94f7c316326c254444b522,https://www.katarte.it/wp-content/uploads/2016/05/Jean-Paul-Goude-Grace-Revised-and-Updated-1018x1024.jpg,"""Fragmented visual representation of {Subject} showcasing various segments of {Body Parts} and {Objects}""",
cc598c29594f26904b65ebda1a88b861,https://i2.wp.com/hamsterpetcare.com/wp-content/uploads/2017/11/top-funny-parrots-annoying-cats-compilation-2017-cute-birds.jpg?resize=370%2C297&ssl=1,"""Scene of a {Cat} and a {Bird} interacting in a unique and unexpected way.""",
d3dca5966ef57ddc8a864c68e2c24805,https://i.pinimg.com/736x/12/df/60/12df609d69d0943a47848a230190fa21--bff-tattoos-best-friend-tattoos.jpg,"Tattoos showing {Design} on opposite sides of the {Body Part}, symbolizing a {Concept or Relationship}.",
6cc0338430bb55a7ad534ddb5b51aca9,http://tucc.kramesonline.com/346536.img,An illustration showing how to stretch {Body Part} using {Support Object} while sitting on a chair.,
