image_hash,family_shown,assigned_family,decision,notes,url_link,caption
e7690b95e2d3d4bc27183493d044f5c9,temporal_transformation,,discard,,https://us.123rf.com/450wm/bedolaga/bedolaga1106/bedolaga110600004/9724788-lightbulb-with-plant-growing-inside.jpg?ver=6,Creative integration of {Plant} and {Light Bulb} to symbolize the transformation of nature into energy or sustainability.
ec2087cfa18adcf17acd61bd62506205,temporal_transformation,,discard,,https://cdn5.eyeem.com/thumb/838156ffa45e7e9f3e0ed9202981f173847eb838-1448960455450/w/400,"Hydrants exposed by melting {Snow} on {Surface}, with {Hydrant Color} standing out against {Background Color}."
e3841e1bc397dd0d9234ffa61c315bbb,temporal_transformation,,discard,,https://images.indianexpress.com/2018/07/blood-moon-lunar-eclipse_759_getty-images.jpg,The evolution of {Celestial Object}'s appearance as it transitions through different stages of {Alignment} with the Sun or another {Object}.
f480febf75aaca4d5b35aa957a7ace24,temporal_transformation,,discard,,https://4.bp.blogspot.com/-paSC3swlYGk/VyZJZ0dAzZI/AAAAAAAAIWk/iEJ8s2pSRv4Ef-IipddIN9HZOSBXQO_hQCLcB/s640/Images%2Bgallery%2Bof%2Bstreet%2Bart%252C%2Bthe%2Bbest%2Bunauthorized%2Bart%2Bin%2Bthe%2Bworld%2B%25281%2529.png,Artistic murals transforming {Surface} into backdrops for vivid {Characters} in lively scenes.
f2ee4ada249cd0732ebd671d3a48a774,temporal_transformation,,discard,,http://radshot.com/wp-content/uploads/2013/01/Snowboard-Photo-Rider-Visnap-Gap-Tallinn-by-Neimann1-700x457.jpg,"An extraordinary display of {Athlete} mid-air after jumping off {Surface}, surrounded by urban or natural surroundings."
e7e6f86963593ac28e89f7927367cd36,temporal_transformation,,discard,,https://us.123rf.com/450wm/lightwise/lightwise1610/lightwise161000020/63825902-stock-illustration-pumpkin-tree-concept-with-a-witch-and-mummy-monster-trimming-an-orange-jack-o-lantern-plant-as-a-hal.jpg?ver=6,Visuals showcasing {People} transforming a {Tree} into a {Foliage-Free Structure}.
f10325749ac3ee18b0aff435a595a047,temporal_transformation,,discard,,https://www.dealsanimg.com/d/l400/pict/161525985404_/10x-clear-white-mesh-pot-net-cup-basket-hydroponic.jpg,"Visual representation of the {Process} of {Object}, highlighting the different stages from {Stage 1} to {Stage n}."
e602b6e92f6c54573e1bb4ad48667e69,temporal_transformation,,boundary_reject,,http://cute-n-tiny.com/wp-content/uploads/2010/05/cute-penguin-bento-400x300.jpg,Imaginative food arrangements transforming {Ingredients} into recognizable {Shapes} or {Characters}.
e0fa6b5ae10efedbd0d7132ab05cf39f,temporal_transformation,,fits,,https://images-na.ssl-images-amazon.com/images/I/417Dc3ix1yL._SL480_.jpg,"A series of images showcasing {Action} performed by a {Person} with a {Object}, highlighting the progression of {Motion}."
e21d6504d352830ab076256736f498d7,temporal_transformation,,fits,,https://photos.smugmug.com/Trips/2015-Portland/i-k7Z5sR8/6/c588a0ff/S/Lunar%20Eclipse%206%20Sequence-S.jpg,"The progression of {Celestial Event} across its stages, including changes in {Appearance}, {Color}, and {Moon/Planet Position}."
ee953ff12c34b2f60b88fb5878522865,temporal_transformation,,discard,,"https://static.wixstatic.com/media/801b32_0ad8c2e2bc694abba017e7ff58313ca1~mv2.jpg/v1/fill/w_498,h_498,al_c,q_85,usm_0.66_1.00_0.01/801b32_0ad8c2e2bc694abba017e7ff58313ca1~mv2.jpg","Creative use of {Burning Technique} to produce intricate designs on {Material}, resulting in unique {Artwork}."
f6273653ba6f897264c8bbb0579e66c5,temporal_transformation,,discard,,https://www.toxel.com/wp-content/uploads/2016/02/embrocket09.jpg,"Creative embroidery designs integrated onto {Object}, transforming ordinary pieces into one-of-a-kind artworks."
f0e8ce2cddac3c8fdb2925387fc29a0f,temporal_transformation,,discard,,http://www.artofthediet.com/wp-content/uploads/2015/08/rainbow-carrots-allium-950x475.jpg,Transformations of {Vegetable} into imitations of {Animal} or {Object} through clever designs.
ebd67189cf79d3ab02d0a14cbb5c4247,temporal_transformation,,fits,,http://notedlist.com/wp-content/uploads/2015/07/wine-barrel-project-ideas/6-wine-barrel-project-ideas.jpg,"""Creative transformation of repurposed {Object} into functional {Dog Bed} with unique design and artistic details."""
fdca6bc49342e81a5e792fe3fc9a8674,temporal_transformation,,discard,,https://si.wsj.net/public/resources/images/BN-VE335_WORKFA_P_20170919101157.jpg,A clever depiction of {Object} using a graduate's {Graduation Cap} and a weather vane {Direction Indicators}.
ee75ff67be9685d5e0f8f83c519954c1,temporal_transformation,,fits,,https://us.123rf.com/450wm/holwichaikawee/holwichaikawee1712/holwichaikawee171200009/91346811-l-albero-che-cresce-sulle-monete-di-un-dollaro-ha-sistemato-come-grafico-sulla-tavola-di-legno-con-i.jpg?ver=6,"Visual representation of {Growth} where {Objects} accumulate gradually, symbolizing {Progress} in stages."
ecb814da5813b956353a195915589cee,temporal_transformation,,discard,,https://pbs.twimg.com/media/CQgISpHVAAQySwk.jpg,Creative use of {Drawing} to transform ordinary {Food Items} into imaginative {Characters} or {Animals}.
ed83ebbc55d3e4338818b3dbb02fe695,temporal_transformation,,fits,,https://i.dailymail.co.uk/i/pix/2017/10/18/21/4577E3A800000578-0-image-a-108_1508356961338.jpg,The transformation of {Animal} from its original state to a clean and polished appearance through grooming.
e985525569e6305dd834abf1c3e3c3f6,temporal_transformation,,discard,,http://cdn.lifedaily.com/wp-content/uploads/2014/04/The-Abandoned-Takakanonuma-Amusement-Park-Japan.jpg,Decaying {Structure} with overgrown vegetation and traces of past {Painting/Design} against a backdrop of nature.
e56b2d462fa82916375a96c1ae5068ce,temporal_transformation,,discard,,https://www.giladorigami.com/P_Rhinoceros_Komatsu_OT161.jpg,A beautifully folded {Paper} transformed into origami representations of various {Animals}.
ff215103e2fa4bc9b577d3635f5fec7f,temporal_transformation,,discard,,https://gusandcodotnet.files.wordpress.com/2015/03/creative_wallpaper_a_man_with_a_telescope_on_a_pile_of_books_098133_.jpg?w=770,Creative visual of {Object} transformed into a towering stack in imaginative or surreal environments.
e84635284684408cef7ebc4966a9490b,temporal_transformation,,discard,,https://img.evbuc.com/https%3A%2F%2Fcdn.evbuc.com%2Fimages%2F65131498%2F264737309210%2F1%2Foriginal.20190710-032537?w=512&auto=compress&rect=0%2C83%2C1690%2C845&s=cf34f7c54d2e2c1c2051206554ccddb3,From {Artwork} to {Finished Product}: The creative journey of transforming {Raw Material} with {Tool/Inspiration}.
f910f8cd550d71199357803316171d8e,temporal_transformation,,fits,,https://s.hdnux.com/photos/33/73/21/7320648/3/920x920.jpg,"Visual representation of the {Cycle} of the {Object}, showcasing the sequence of phases or transformations step by step."
fd170b47807317844cf1df55b1bce272,temporal_transformation,,fits,,https://us.123rf.com/450wm/beaubelle/beaubelle1509/beaubelle150900004/44846317-%E7%94%9F%E5%91%BD%E3%81%AE%E6%A8%B9%E3%80%81%E3%83%8F%E3%83%BC%E3%83%88%E5%BD%A2%E3%81%AE%E6%9E%9D%E3%81%A8%E6%A0%B9.jpg?ver=6,"Artwork showing {Tree} with heart-shaped {Leaves} and {Roots}, symbolizing {Love} and {Growth}."
fdf627ab7822e2b6cc8ae8c676b516b7,temporal_transformation,,boundary_reject,,https://s.calendarr.com/upload/articles/mo/on/moon-phases_a_m.jpg,"Step-by-step transformation of the {Celestial Body}'s phases as viewed from Earth, showing gradual changes in {Appearance} and {Position}."
f5d6deff6236669fce04f6c7523918fa,temporal_transformation,,discard,,https://www.usanews.net/images/haberler/severe_storms_forecast_to_bring_damaging_winds_wednesday_in_maryland_m13.jpg,Capturing the dramatic moment when lightning strikes near {Building} during a {Weather Event}.
e7ea7c453df8ad67d18bccb843ac2eef,temporal_transformation,,discard,,https://lowkel.com/blog/wp-content/uploads/2021/08/ecological-footprint-4123696_960_720-39198u4ibn0uht8conrfuo-1024x481.jpg,"""Visual representation of {Footprint} filled with {Dirt} on the left and {Plants} on the right, illustrating the contrast between {Environment Damage} and {Greenery/Growth}."""
f436407c7327b61dd5d50424323fb0b6,temporal_transformation,,boundary_reject,,https://2shopper.files.wordpress.com/2015/03/874_3_danmug-5.jpg?w=600&,"Visuals showcasing {Object} in its original and altered states, transformed by {Environment} or {Temperature}."
e9339cbe7fc55ff6983744ede2db40e7,temporal_transformation,,discard,,http://fredhatt.com/blog/wp-content/uploads/2013/02/whitebody.jpg,The {Particle} transformation into the {Human Form} is showcased through the interaction of {Dust} and {Black Background}.
f163b7115688e844c97aef66980e246f,temporal_transformation,,discard,,https://i2.wp.com/upload.wikimedia.org/wikipedia/commons/thumb/4/46/Dandelion_seed_dispersal.jpg/300px-Dandelion_seed_dispersal.jpg,Capturing the moment when {Plant} seeds are released into the air during natural growth.
ec51d7ea0f5c71cc647f8ef0608a837b,temporal_transformation,,discard,,https://images.squarespace-cdn.com/content/v1/50e1b9c6e4b015296ce398f6/1398556635504-9TIGHUWZJYT4WJHDOHNF/ke17ZwdGBToddI8pDm48kDsO9ADl05CCFd3STuoUrIcUqsxRUqqbr1mOJYKfIPR7LoDQ9mXPOjoJoqy81S2I8PaoYXhp6HxIwZIk7-Mi3Tsic-L2IOPH3Dwrhl-Ne3Z2XDGAsTCqO4hNaAmzXEJ1ktmTIVrtkbE4ZsDNIS0kRf4fdurHDt8XjyaGurlSWvQe/balancing+rock,Natural sculptures formed by the weathering and erosion of {Rock} into unique shapes in nature's {Environment}.
fca318469427857dfe55d752572a02f1,temporal_transformation,,discard,,https://img.theepochtimes.com/assets/uploads/2019/01/16/A-glass-damaged-by-bullets-600x397.jpg,Damage to {Surface} from {Object} resulting in cracks or shattering effects.
e32fc054eb995207afe079d20b9cf1e0,temporal_transformation,,discard,,http://hddesktopwallpapers.in/wp-content/uploads/2015/09/hd-elephant-pictures.jpg,"A {Rainbow} appears after a {Storm}, creating a striking contrast in the {Sky}."
e0077c41c38d5e6857a4d343c0cbc889,temporal_transformation,,fits,,https://i0.wp.com/s2.storage.snapzu.com/b8/2d/a3/45/Maternitus/snaps/a4/7e/185241/thumbs/61bb37facb6d21a1_fpi_large.jpg,"A transformation story of {Subject} from its initial state to a refined, enhanced version, emphasizing changes in {Appearance}, {Design}, or {Function}."
e3a497f30b455c423bdee18e409b1641,temporal_transformation,,discard,,https://omgnews.today/wp-content/uploads/2018/04/2018-04-06T124408Z_1_LYNXNPEE3511E_RTROPTP_4_BELGIUM-POTHOLES-1024x662.jpg,"A resilient {Plant} sprouts from a damaged {Surface}, with a nearby {Vehicle} in the background."
f115de919f9e719352be284d70f84cc8,temporal_transformation,,discard,,https://cdn.quizzclub.com/interesting-fact/2016-05/unique-and-provoking-redesign-of-traffic-signs-by-clet-abraham_24.jpg,"Creative transformations of {Sign} with amusing or unexpected {Characters}, {Objects}, or {Themes} to produce amusing or thought-provoking results."
f9b47b06228a215ec6f024731eac9fd0,temporal_transformation,,discard,,https://assets.rebelmouse.io/eyJhbGciOiJIUzI1NiIsInR5cCI6IkpXVCJ9.eyJpbWFnZSI6Imh0dHBzOi8vYXNzZXRzLnJibC5tcy85NjQ5ODU1L29yaWdpbi5qcGciLCJleHBpcmVzX2F0IjoxNjY1Njk5OTkzfQ.7HHorb_dveu55PVDZpSgZF5BTAbeO8Vqp-wAjpAs4Wg/img.jpg?width=980,Artistic depictions of {Famous Landmark} transformed with oversized {Animal} in imaginative settings.
ec8c1ad4c3b41f65958c2c7eeac2ae66,temporal_transformation,,discard,,https://vignette1.wikia.nocookie.net/teenwolf/images/c/cd/Teen_Wolf_Season_4_Behind_the_Scenes_Arden_Cho_in_the_rain_May_30.jpg/revision/latest?cb=20140716153927&amp;path-prefix=de,Behind-the-scenes shots displaying {Film Crew} working with {Actor} on-site in the {Weather Condition} environment.
f6172eb5d1583a179025289f2e4d4d5b,temporal_transformation,,discard,,https://i1.wp.com/www.botany.one/wp-content/uploads/2019/06/Coastal_Seedling.jpg?resize=900%2C460&ssl=1,"A close-up view of {Plant} growing out of {Soil}, with the background blurred for focus on the subject."
e91c016d738c8981682a96d5d19a8ffc,temporal_transformation,,fits,,https://us.123rf.com/450wm/yderbisheva/yderbisheva2012/yderbisheva201200010/160438373-watercolor-cocoa-set-with-leaves-hand-painted-gold-linear-fruits-isolated-on-white-background-autumn.jpg?ver=6,"A detailed view of the life cycle of a {Plant}, highlighting its {Seed}, {Sprout}, {Leaves}, and {Flower/Bloom} stages."
fc49f4cde5caa7227a3b257c5f88ae11,temporal_transformation,,discard,,http://static.boredpanda.com/blog/wp-content/uploads/2018/05/57mVkaHiHn-png__700.jpg,"""Illustration of {Dish} creatively transformed into a depiction of {Scene/Structure} using artistic presentation of {Theme}."""
f927ac31a88bdc7fc09610bb8ccc5604,temporal_transformation,,discard,,https://cdn.summitdaily.com/wp-content/uploads/sites/2/2017/08/BreckArt-SDN-082017-1-23.jpg,A creative use of {Projection} to transform {Surface} into an illuminated {Scene/Character/Face}.
f2dc3044c2866bd0bc1a3f9d650707fc,temporal_transformation,,discard,,http://www.paulbondart.com/wp-content/uploads/paintings/thumbnails/The-Waterhouse.jpg,Creative use of perspective to transform regular {Surface} into a vivid {Scene or Environment}.
f470368badc499c84cb810ad68a5fe6f,temporal_transformation,,discard,,https://images.squarespace-cdn.com/content/v1/509c281de4b0cd18c7335aab/1565984482138-ZH0ISIOP5N6J7145VI1B/ke17ZwdGBToddI8pDm48kOyctPanBqSdf7WQMpY1FsRZw-zPPgdn4jUwVcJE1ZvWQUxwkmyExglNqGp0IvTJZUJFbgE-7XRK3dMEBRBhUpwwQIrqN0bcqL_6-iJCOAA0qwytzcs0JTq1XS2aqVbyK6GtMIM7F0DGeOwCXa63_4k/image-asset.jpeg,"An innovative system for growing {Plants} in {Container}, utilizing a water-catching and distribution mechanism."
f369e35d2cfa0db520ff118bbac49a44,temporal_transformation,,discard,,https://us.123rf.com/450wm/marigranula/marigranula1009/marigranula100900272/7847777-hands-protecting-seedling-growing-from-coins.jpg?ver=6,Visual representation of {Growth} happening through the combination of {Object} and {Symbol of Progress}.
f2966d51184794c093887e3b8f09a82e,temporal_transformation,,boundary_reject,,https://static.vecteezy.com/system/resources/previews/000/295/208/non_2x/vector-people-in-summer-and-winter.jpg,"Visual representation of how {Season} impacts {People}, {Clothing}, and {Weather}."
f7122c2c093dd0de7ee99fb71be20cc1,temporal_transformation,,discard,,https://auktionshuset.com/auktioner/20210126_2241/90281_1.jpg,"Artwork featuring optical illusions that make {Objects} seem to move, overlap, or transform in fascinating ways."
f1ff4ab844a704d88cb60740bfed50cc,temporal_transformation,,fits,,https://img.freepik.com/free-photo/customer-service-evaluation-rating-feedback-satisfaction-survey-concept-hand-holding-sad-failed-emoticon-face-wooden-ball-dark-background_36367-2195.jpg?size=626&ext=jpg,"Visual representation of {Object} with evolving {Features} or {Emotions}, illustrating changes in {Theme} or {Feeling}."
e290b68c2085e90365d1c16a4b4609c8,temporal_transformation,,boundary_reject,,https://www.syfy.com/sites/syfy/files/styles/1170xauto/public/shutterstock_eclipsesequence_svalbard.jpg?timestamp=1500920475,"Visual representation of the {Event} transitioning from its initial phase ({Subject 1}) to its final stage ({Subject N}), showcasing the gradual development of {Action}."
faab5717427e8977018ba43956eda670,temporal_transformation,,discard,,https://s.yimg.com/ny/api/res/1.2/FxLZ.onQdYayTSI5Xn6bKw--/YXBwaWQ9aGlnaGxhbmRlcjtzbT0xO3c9NDUwO2g9MzM4O2lsPXBsYW5l/http://media.zenfs.com/en_us/News/Reuters/2014-04-03T211722Z_1_CBREA321N5000_RTROPTP_2_SCIENCE-HUMMINGBIRDS.JPG.cf.jpg,A {Bird} feeding on a {Flower} with precise alignment between beak and bloom.
fc68e1842c3a68652ace746f14c055a8,temporal_transformation,,discard,,https://i.ytimg.com/vi/jfG5P9YR_sY/hqdefault.jpg,"""Creative use of {Drawing} to transform a simple {Object} into a whimsical and imaginative design."""
f37aebc58e6f499c7b3bdf740e730ca1,temporal_transformation,,fits,,https://us.123rf.com/450wm/mathisa/mathisa1606/mathisa160600092/60898309-isolated-five-bar-swordtail-butterfly-life-cycle-antiphates-pompilius-on-twig-with-clipping-path.jpg?ver=6,"The life cycle of a {Insect}, showcasing its development from a {larva} through metamorphosis to a fully formed {adult}."
ea1420666aa1e3fa5fb6b25561688fff,temporal_transformation,,fits,,https://coolcreativity.com/wp-content/uploads/2014/05/egg-carton-flower-f.jpg,Step-by-step guide on transforming {Recycled Material} into an elegant {Object}.
e37f8f9ff988089e8ad1111eff05cbef,temporal_transformation,,discard,,https://cdn3-www.momtastic.com/assets/uploads/2013/03/file_128342_1_110309-brooch2.jpg,Step-by-step instructions on how to transform {Felt} into a {Flower}.
e54a541819c70191042395be40cac6db,temporal_transformation,,discard,,https://media.worldslastchance.com/images/2013/05/05/11040/falling.jpg,"Photos capturing {Person} in mid-air after launching off {Object}, emphasizing motion and adventure."
fbcc2e0f0252232b233457877e2a0b86,temporal_transformation,,discard,,https://www.barnorama.com/wp-content/images/2014/02/artist-creates-giant-versions/12-artist-creates-giant-versions.jpg,Photos showcasing {Object} in a way that makes it appear as though it's melting or spilling onto the surface.
f0bb347e8ce1646687d4db6e7778136b,temporal_transformation,,discard,,http://tse3.mm.bing.net/th?id=OIP.sWGWZ4PX3CIW4-jUntr6qgHaId,A depiction of everyday {Object} transformed into gold.
fd555a5ec969f2e65e13ca0304ee1ba3,temporal_transformation,,discard,,http://2.bp.blogspot.com/-OdIVSHeSB4k/Uq8LT_bkbdI/AAAAAAAAV4g/un2TDZErolU/s400/bulb.jpg,Unique creations using {Innovative Materials} to transform everyday {Object} into functional or artistic designs.
f16b49b38517684a39799a2881b3b3a9,temporal_transformation,,boundary_reject,,https://imgc.artprintimages.com/img/print/paul-harcourt-davies-common-swallowtail-butterfly_u-l-pzflw30.jpg,Visual representation of {Insect} transitioning from {Pupa} to {Adult} during metamorphosis.
f477d22fe19670e3a3cf3fa7b6c6698f,temporal_transformation,,discard,,http://www.fubiz.net/wp-content/uploads/2013/09/Landscapes-Distorted-with-Geometric-Fragments11.jpg,"""Reflection of {Scene} captured within a crystal-like structure, transforming the view into a surreal and mirrored landscape."""
f7ead0b736b3bd799cf88313fb10fb92,temporal_transformation,,discard,,"https://static.wixstatic.com/media/d976b5_a33539f8181848de8655f9b845103d51~mv2_d_9000_6000_s_4_2.jpg/v1/fill/w_827,h_551,al_c,q_85,usm_0.66_1.00_0.01/d976b5_a33539f8181848de8655f9b845103d51~mv2_d_9000_6000_s_4_2.jpg","The progression of {Celestial Event} as captured through different phases: {Initial Position}, {Partial Engagement}, {Full Engagement}, {Partial Withdrawal}, {Final Position}."
f18472f8e5c3e482af11fbff60ec55d6,temporal_transformation,,discard,,https://img.izismile.com/img/img13/20200227/640/subways_are_anything_but_normal_640_high_04.jpg,People wearing {Clothing} that protects them from {Weather Condition} while on public transit.
f88206f6d52dbf87a13c6284937815d3,temporal_transformation,,discard,,https://skyandtelescope.org/wp-content/uploads/Penumbral-eclipse-series-from-2012_f-736x490-c-default.jpg,The gradual transformation of the {Celestial Body} through its phases against the backdrop of the {Sky}.
e8d794ebd7417d1770eab01c1e4d5fd4,temporal_transformation,,discard,,https://metalwood.com.au/wp-content/uploads/2018/03/Croc-Fracture2.jpg,"""Recycled {Metal} transformed into artistic sculptures of various {Animals}."""
ea7b131201f4ec87f23caade7326f630,temporal_transformation,,fits,,https://images.squarespace-cdn.com/content/v1/566763bf25981d4412e0f3ff/1458608823753-L5ATZQL34ALWBSR2D08J/ke17ZwdGBToddI8pDm48kFQQgP34qnCpeHaeAOzTt7pZw-zPPgdn4jUwVcJE1ZvWQUxwkmyExglNqGp0IvTJZamWLI2zvYWH8K3-s_4yszcp2ryTI0HqTOaaUohrI8PICHnXC1b9smDvYLPdL-DS7U1pkhCtl83kemXd5r3C5ngKMshLAGzx4R3EDFOm1kBS/Munny+13,"Hand-drawn design for {Character/Object} transformed into a physical prototype, displayed alongside its sketch."
f76bc921eab042b93f65e414d294c2cf,temporal_transformation,,discard,,https://www.gurumed.org/wp-content/uploads/2012/09/Solvay_conference_1927-3_thumb.jpg,Transforming an old {Black and White} photograph into a {Color} version to enhance details and vividness.
e9059a0f6a75a3c71ef8fdd2b599b839,temporal_transformation,,boundary_reject,,https://us.123rf.com/450wm/dmstudio/dmstudio1902/dmstudio190200036/124987922-vector-set-of-pans-with-small-pancakes-fried-egg-omelet-and-grilled-sausages-collection-of-breakfast.jpg?ver=6,"Different cooking stages of {Food Item} in {Utensil}, including {Ingredient 1}, {Ingredient 2}, {Ingredient 3}, {Ingredient 4}."
fec41d2a8ae1a3702dd12e0ab695cdaa,temporal_transformation,,fits,,https://piximus.net/media2/48647/thumb_fw.jpg,Before-and-after portrayal of {Animal} showcasing their transformation from {Environment/Condition 1} to {Environment/Condition 2}.
eeb47991ca59d3ad8b44eb97ded966a1,temporal_transformation,,fits,,https://www.welovesolo.com/wp-content/uploads/vecteezy/03/bd1n0vjinyq.jpg,"The life cycle of {Plant} unfolds through the stages: {Seed}, {Sprout}, {Leaves/Buds}, {Flower}, {Fruit/Seed Dispersal}"
ee726401fce3b78098a655b443df0d74,temporal_transformation,,discard,,https://render.fineartamerica.com/images/rendered/medium/canvas-print/mirror/break/images/artworkimages/medium/1/1-whip-sequence-zach-carman-canvas-print.jpg,A series of frames showcasing {Rider} executing a {Trick/Action} on a {Vehicle/Motorcycle} through different stages of motion.
e3464a9bb0929afddf862d7ff86fbd0c,temporal_transformation,,boundary_reject,,https://us.123rf.com/450wm/panicattack/panicattack2103/panicattack210300137/166560340-collection-of-various-different-legs-hips-or-ankle-stretching-warm-up-exercises-by-fit-woman-full-bo.jpg?ver=6,"Comprehensive view of {Exercise} performed by {Person}, showcasing various stages of motion in {Clothing}."
f3a3c64bb7c14113e180ca5bb6a34c5d,temporal_transformation,,discard,,http://img.shirtcity.com/design/superzoom/315x315/261/2/91159_0.png,An evolution narrative showcasing {Species} transforming into {Advanced Species} through gradual changes in {Features} over time.
e4cda82916c85c86b711a6ed86a9a897,temporal_transformation,,discard,,http://cs.astronomy.com/cfs-file.ashx/__key/communityserver-blogs-components-weblogfiles/00-00-00-00-51-Solar+system+objects/7357.Eclipse_5F00_IanWardlaw.jpg,The evolution of the {Celestial Event} as seen through the progression of stages in the {Sun-Moon-Earth Alignment}.
feb8c59d9e76c05624b9dadb41f82bc6,temporal_transformation,,discard,,http://static.travelmag.pw/i/bc/83/72a145d622dbd80c512e6d59dda2.jpg,Sunlight transforming {Waterfall} into a dazzling {Light} display during a {Season/Environment} setting.
fd8d50cf68d0608e3748c3858f2ebe0a,temporal_transformation,,discard,,https://i.pinimg.com/736x/96/da/94/96da94fb772524424ee5f4dee05f3621--unusual-homes-unusual-buildings.jpg,Creative designs where {Building Shape} is transformed into a distinctive and unique {Conceptual Design}.
f6dbc7bb4d783966b717282ba0ad3bd7,temporal_transformation,,boundary_reject,,https://marcobarsanti.files.wordpress.com/2015/10/david-wojnarowicz.jpg?w=698&h=545,"""Sequential images capturing {Animal} climbing up a {Rocks/Cliffside} in various stages."""
ec3d84270517170b8f5b28cab67e7d5d,temporal_transformation,,discard,,https://s3.amazonaws.com/files.collageplatform.com.prod/image_cache/472x472_fit/5d5eccf1a5aa2ced538b4567/bdb76929df6a18de4481ad1a3dbaf0ed.jpg,"Step-by-step portrayal of {Action} executed by a {Person}, showing gradual transformations in {Position} and {Movement}."
f25eaaeca6327fb12334914fc4444c54,temporal_transformation,,discard,,https://cdn.shopify.com/s/files/1/0963/1508/products/LDT1047_large.jpg?v=1455643355,Creative use of {Wig} to transform the {Hair Style} of the {Person}.
f2293e545d44b7dea3b59f71b4bb0870,temporal_transformation,,discard,,"https://images-wixmp-ed30a86b8c4ca887773594c2.wixmp.com/f/b4aed535-ee3d-450f-8bf6-577a4114dd55/d4fq8zw-cc53e920-852a-4a25-b311-9500116b3f05.jpg/v1/fill/w_1024,h_1267,q_75,strp/feet_sketches_by_washu_m-d4fq8zw.jpg?token=eyJ0eXAiOiJKV1QiLCJhbGciOiJIUzI1NiJ9.eyJpc3MiOiJ1cm46YXBwOjdlMGQxODg5ODIyNjQzNzNhNWYwZDQxNWVhMGQyNmUwIiwic3ViIjoidXJuOmFwcDo3ZTBkMTg4OTgyMjY0MzczYTVmMGQ0MTVlYTBkMjZlMCIsImF1ZCI6WyJ1cm46c2VydmljZTppbWFnZS5vcGVyYXRpb25zIl0sIm9iaiI6W1t7InBhdGgiOiIvZi9iNGFlZDUzNS1lZTNkLTQ1MGYtOGJmNi01NzdhNDExNGRkNTUvZDRmcTh6dy1jYzUzZTkyMC04NTJhLTRhMjUtYjMxMS05NTAwMTE2YjNmMDUuanBnIiwid2lkdGgiOiI8PTEwMjQiLCJoZWlnaHQiOiI8PTEyNjcifV1dfQ.c-qj08lOulF3eS02aA5KCEdR_HVioRo8l7-il_vPSf4","Learn how to draw detailed {Object} step-by-step with this illustration guide, including {Details of Each Stage} and {Final Touches}."
fdc2fa21e11fe16d13e4c3313f7d12ea,temporal_transformation,,discard,,https://i.insider.com/5a34520ab0bcd5331a8b5432?width=1200,"The progression of a {Solar Eclipse} across the phases: {Full Sun}, {Partial Eclipse}, {Total Eclipse}, {Partial Eclipse}, {Full Sun}"
fc87f9c259a5127356cd913c80784457,temporal_transformation,,discard,,https://image.freepik.com/free-vector/successful-startup-business-concept-project-development-rocket-launching-from-smart-phone_115579-483.jpg,Creative depiction of {Object} launching from a {Surface} to symbolize movement or progress.
e662ccd0b2764ab04d4b4ac5d7f3d24f,temporal_transformation,,fits,,https://lovingitvegan.com/wp-content/uploads/2020/12/Vegan-Ginger-Cookies-Collage-2.jpg,"Visual representation of the {Process} of making {Food Item} from {Raw Material}, illustrating each stage with {Ingredients}, {Tools}, and {Environment}."
f1b9ac3d820d2a1e918a4411e03ee93d,temporal_transformation,,discard,,http://static5.depositphotos.com/1002007/432/i/450/depositphotos_4323938-Light-bulb-with-plant.jpg,A light bulb creatively reimagined with a {Plant} growing from a {Soil} base.
e25416b3bbd3a9ad6d1b1633e3da2248,temporal_transformation,,discard,,https://estaticos.muyinteresante.es/uploads/images/gallery/58aae1405cafe8d7848b459f/eclipses-fases-luna.jpg,"The transformation of {Celestial Body} through its phases, illustrated in steps: {Full Phase}, {Half Phase}, {Quarter Phase}, {New Phase}, {Eclipsed Phase}."
fa682720d71bd269098481ed294cce36,temporal_transformation,,discard,,https://us.123rf.com/450wm/drawlab19/drawlab191902/drawlab19190200267/125091863-artist-drawing-painter-brush-concept-hand-drawn-male-artist-drawing-concept-sketch-isolated-vector-i.jpg?ver=6,"Creative depiction showcasing a {Drawing} in progress, with the use of a {Tool} on a {Surface}."
f89aa02c33fe6a1467e54754b1b62731,temporal_transformation,,discard,,https://www.pouted.com/wp-content/uploads/2015/02/10-Uses-for-the-Dalmatian-Dog-What-Are-They-61.jpg,The evolution of {Animal} from young to mature stages captured in their development process.
e64769e22e0a62fe6aa93b7798cef8f4,temporal_transformation,,fits,,http://sensiblysara.com/wp-content/uploads/2016/12/2-ingredient-biscuits.jpg,"Detailed process of crafting {Food Item} with {Ingredients} and {Tools}, progressing from {Ingredient Combination} to {Final Product}."
f1f5a6da25d4187b623314c83b9fa08b,temporal_transformation,,discard,,https://www.giladorigami.com/P_Raccoon_Montroll.JPG,Beautifully folded {Paper} transformed into intricate origami shapes of {Animals}.
eb311d808c481c4e6cb732a145e88a01,temporal_transformation,,discard,,https://i.pinimg.com/736x/8d/09/26/8d09262bfc8eeb5bc7853274ab87c93c.jpg,Artistic depictions of {Scene} emerging from a damaged {Wall}.
e99869e4007725d5e9227298a8aaeb09,temporal_transformation,,boundary_reject,,https://i.ytimg.com/vi/Ow1O2RWSDP4/hqdefault.jpg,Inventive transformations of {Object} into extraordinary {Hair Style} using unexpected {Items}.
e857981f27eaa33c3b44ea0dbfd8abc1,temporal_transformation,,discard,,https://www.healthlair.com/wp-content/uploads/2017/09/bananas-improve-health-1068x712.jpg,"""Objects like {Fruits}, {Berries}, or {Nuts} creatively transformed with drawn or digital {Faces} expressing various {Emotions}."""
f00983c7e0b21450ce69338894c8e2bc,temporal_transformation,,discard,,"https://image.spreadshirtmedia.net/image-server/v1/compositions/P134692065T916A366PC163683556PA1912PT14X26Y40S83/views/1,width=300,height=300,appearanceId=366,version=1484810067/evolution-of-rock-tee-shirts-debardeur-premium-homme.jpg",A visual depiction of {Species} evolving through time to become {Modern Invention/Activity}.
e18d4d524dbabc95cc207e4ba860e123,temporal_transformation,,discard,,http://english-draw.salabun.com/img/2405_6.jpg,"Step-by-step drawing of a {Subject} using {Tool}, showcasing detailed progress from initial sketch to refined artwork."
f9f1e6b14b676e6399488bfde1702d49,temporal_transformation,,discard,,https://us.123rf.com/450wm/cvaradinac/cvaradinac2001/cvaradinac200100002/137257953-set-of-young-girls-doing-exercises-in-the-gym-beautiful-young-woman-doing-exercises-with-ball-full-c.jpg?ver=6,"""Step-by-step guide for performing {Exercise} using a {Equipment} in a {Setting}, demonstrating progressive movements and techniques."""
f365bf48915d9fa934bbb8c35a9b137b,temporal_transformation,,discard,,https://i.pinimg.com/736x/c9/97/a1/c997a10b56e99efb78faf8e72b80e131.jpg,The transformation of {Food} into creative {Animals} through meticulous shaping and decoration.
fd3eec0969e39390d8a7a8cf00050a36,temporal_transformation,,boundary_reject,,https://www.insofta.com/tml12/vista-artistic-icons/preview/robot-search.png,"The progression of {Object} through various stages: {Initial State}, {Intermediate Stage 1}, {Intermediate Stage 2}, {Final Stage}"
ee9d2db792d9a16a4568da5a9222c10f,temporal_transformation,,discard,,https://watermarked.cutcaster.com/cutcaster-photo-100233135-Earth-on-Fire.jpg,"Visual representations of {Object} transformed into a burnt-out version, reflecting {Concept}."
df060e263ffcb757d257f8e7e61aaad4,temporal_transformation,,fits,,http://d2jv9003bew7ag.cloudfront.net/uploads/8613006112007329-450x404.jpg,"Step-by-step {Process} presented through four sequential stages: {Initial State}, {Transformation 1}, {Transformation 2}, {Final Outcome}, highlighted by evolving {Details} and {Textures}."
f43382a52e67204eb856ff7114d44171,temporal_transformation,,discard,,https://thumbs.dreamstime.com/b/silver-world-image-converted-aerial-view-city-covered-snow-143834851.jpg,"A panoramic view of {Landscape} transformed into a spherical panorama showcasing {Structures}, {Natural Features}, and {People}."
e626f9322a1994350cde42c085fe7a15,temporal_transformation,,discard,,https://images.squarespace-cdn.com/content/58afa3a3be6594b54e3bdfe1/1537390961954-0KRYSMAR0JK7R70P3DPK/image-asset.jpeg?content-type=image%2Fjpeg,"Photos capturing {Dog} as they've accidentally damaged {Object}, leading to unexpected messes in the process."
f4e96706982bcab4c71d2fab006e7f7e,temporal_transformation,,discard,,https://westborovillage.com/wp-content/uploads/2019/05/IMG_8557.jpg,Creative use of {Animal} to transform ordinary {Surroundings} into visually appealing urban art.
df34d6e374c2d5530be2ed1afc9d55d0,temporal_transformation,,discard,,https://us.123rf.com/450wm/gaardman/gaardman1306/gaardman130600027/20462171-a-paved-walking-trail-with-a-close-up-of-the-pavement-and-grass-growing-through-the-cracks-and-the-t.jpg,Hard surfaces like {Concrete} and {Metal} offering shelter for growing {Plants}.
fd08ab219cf6efae658653e14e1a501e,temporal_transformation,,discard,,http://i.pinimg.com/736x/87/fe/3c/87fe3c0a881b2cc4b1603f08db94278a.jpg,"The unique shadow of the {Object} is cast on the {Surface}, transforming its shape in unexpected ways."
e44c06ff9247935782fd441d5bee4f9b,temporal_transformation,,discard,,https://i.pinimg.com/736x/fb/1a/0b/fb1a0bfcb084d86ced56c5ea7852f0bd--rapunzel-hair-disney-rapunzel.jpg,"""Step-by-step development of a detailed illustration of {Character} featuring progressive enhancements in {Details} and {Features}."""
ebe4a59195b41d22184a7e5ae4fe8a25,temporal_transformation,,discard,,https://us.123rf.com/450wm/orathaimukky/orathaimukky1908/orathaimukky190800195/128316160-hand-provent-blocks-wood-game-concept-risk-of-management-and-strategy-plan-growth-business-success-p.jpg?ver=6,"Visuals of {Action} carried out with {Object}, emphasizing the construction of {Structure} or {Achievement}."
fafc4dee77be171f03c86fe369063ce6,temporal_transformation,,discard,,https://us.123rf.com/450wm/robuart/robuart1709/robuart170900681/86788534-stock-vector-frozen-berries-and-fruits-in-water-splashes-set.jpg?ver=6,Objects of {Fruit} transforming into {Ice Cubes} in various styles and motions.
e34dc30e7086f6b46b2d5087e74aec7e,temporal_transformation,,discard,,"https://static.wixstatic.com/media/73b6c1_4a9f75f278cb45b991b28a8d21fbe534~mv2.jpg/v1/fit/w_976,h_1080,q_90/73b6c1_4a9f75f278cb45b991b28a8d21fbe534~mv2.jpg",A pile of {Cat Fur} next to a {Cat} during or after grooming.
e8c4e01dd176aa56c48fc9b3e3a6e74f,temporal_transformation,,discard,,https://i.pinimg.com/736x/89/2b/6d/892b6dad3e93fe4a5235485db52653b5.jpg,"Depictions of {Scene} with a {Human}, but the {Human} is transformed into a {Skeleton}."
e6a4c118dc80a2c4835737319d43ca4b,temporal_transformation,,fits,,https://frakerfire.com/wp-content/uploads/2021/04/Facts-About-Fire-Spread-You-May-Have-Not-Known-e1618426343904.jpg,"""Progression of {Object} from initial state to final state, illustrated by incremental changes in {Appearance}."""
f2969058c7ca3b6ae2b84e8a1dc8108e,temporal_transformation,,discard,,https://us.123rf.com/450wm/aptypkok/aptypkok1108/aptypkok110800077/10280772-boy-with-soccer-ball-footballer-on-the-white-background--isolated.jpg?ver=6,"""Step-by-step sequence of {Subject} performing {Action}, highlighting the progression from {Starting Position} to {Ending Position}"""
e0781dae141f7db2ebd9117fe7126c5b,temporal_transformation,,discard,,https://images.dresshead.com/images/top/Pink%20Tops/5955050/large/4.jpg,Creative {Food Item} transformed into representations of {Animals}.
f8efb1e080d199b02a3efab921fb9fd3,temporal_transformation,,discard,,https://us.123rf.com/450wm/robertsrob/robertsrob1802/robertsrob180200037/96077625-pianta-verde-in-vaso-cresce-a-forma-di-freccia-su-sfondo-blu-immagine-aziendale-di-concetto.jpg?ver=6,Visual representation of {Graph Shape} formed by a {Plant} growing in a {Container}.
f99a923122338a7bca0435603d4293b6,temporal_transformation,,discard,,https://i.fbcd.co/products/resized/resized-1200-800/1088c7bcf921f514296eaa051640e701f33bd66738de7de71eecadb67a1655e3.jpg,Illustration showing the progression from {Egg} to {Living Creature} in nature.
eff6ac43b793b25888e0111f5cca9595,temporal_transformation,,discard,,http://img0119.popscreencdn.com/161624916_wall-art-posters-motocross-jump-poster.jpg,Staged shots showcasing {People} executing {Action} on {Vehicle} in mid-air.
f9bdcce1b23c488789553b6a9365da6a,temporal_transformation,,discard,,https://assets.bigcartel.com/product_images/282494966/10.jpg?auto=format&fit=max&h=1000&w=1000,An artistic transformation of {Flower} into a {Butterfly} set against a contrasting {Background}.
f6cc6b67bc7bfdabc743cbd70c2b7512,temporal_transformation,,discard,,https://i0.wp.com/designplusmagazine.com/wp-content/uploads/2016/03/pixel-chair-4.jpg,"""Progression of {Object} designs transitioning from simple to complex shapes over four stages."""
ea3243a3228ee8d72773fb9a3cd721b6,temporal_transformation,,discard,,http://www.michaelpink.com/wp-content/uploads/2014/08/bigstock-success-businessman-with-busin-30002213.jpg,Visuals portraying {Person} with a {Symbol} representing {Achievement} or {Progress}.
f01cc8603d797eb01cc0d089a9ef3915,temporal_transformation,,discard,,http://121clicks.com/wp-content/uploads/2017/05/city_of_ghats_banaras_mohit_tejpal_01.jpg,"The dynamic movement of {Subject} captured across various stages of {Action}, featuring interactions with {Object} and {Environment}."
fe2407d65406edbb647e841cbdc5d7fa,temporal_transformation,,discard,,https://www.vmcdn.ca/f/files/glaciermedia/import/lmp-all/1572243-gettyimages-995997296.jpg;w=960,Visual representation of growing {Growth} using stacks of {Coins} and {Plants}.
fed9fc9fae675ca840f42c9e34601329,temporal_transformation,,fits,,https://images-na.ssl-images-amazon.com/images/I/81k97bXKbIL._AC_SL1500_.jpg,"""Step-by-step instructions for using {Object} to achieve {Action}, illustrated with multiple stages of {Process}."""