image_hash,family,url_link,caption,group,download_ok
e21d6504d352830ab076256736f498d7,temporal_transformation,https://photos.smugmug.com/Trips/2015-Portland/i-k7Z5sR8/6/c588a0ff/S/Lunar%20Eclipse%206%20Sequence-S.jpg,"The progression of {Celestial Event} across its stages, including changes in {Appearance}, {Color}, and {Moon/Planet Position}.",anchor,False
e675a1f38cc186ac1ab0eab2c0a81e94,,http://render.fineartamerica.com/images/rendered/medium/greeting-card/images-medium/high-voltage-in-the-new-york-city-skyline-susan-candelario.jpg,"Lightning striking over a {Cityscape} during a stormy night, showcasing the dynamic energy of nature against urban life.",background_random,False
e98bbaad16eb2b04835d633f41682145,,https://natureconservancy-h.assetsadobe.com/is/image/content/dam/tnc/nature/en/photos/F_Okavango_1.jpg?wid=640,"Groups of {Animals} standing on reflective water, creating mirrored images against a {Background}",background_random,False
fbce0d46bc36f1a6789d0c2e6c7b5ac4,,"https://images.jpost.com/image/upload/f_auto,fl_lossy/t_JD_ArticleMainImage/224822",Creative sculptures featuring {Figures} interacting with everyday {Objects} in imaginative or artistic ways.,background_random,False
ebc9fdf3d51eeb5da860783307097174,,http://mediad.publicbroadcasting.net/p/shared/npr/styles/placed_wide/nprshared/201810/648245695.jpg,A creative representation of {Character} showcasing a unique combination of {Hair Style} and {Clothing}.,background_random,False
e3419c311fa97b0d4611e9e9487bc7cb,,https://spaceplug.com/media/catalog/product/cache/1/small_image/370x370/170ec19af00183b5e0368529fc2daa2f/C/o/Coffinmouth.jpg,"A surreal artwork featuring anthropomorphic {Animal} with human characteristics, set in imaginative or artistic settings.",background_random,False
eb031ef11c2db4e2402e08b8a482ec58,,https://cdn-japantimes.com/wp-content/uploads/2014/06/p1-s2-nuke-risks-z-20140606-870x489.jpg,"Illuminated {Shaped Objects} positioned against a dark background, producing a striking contrast and artistic effect.",background_random,False
ea9ff327b4cd8ae3f63c1bd99b2fbf58,,https://girishduttshuklaco20dcd.zapwp.com/q:maximum/retina:false/webp:false/w:814/url:https://girishduttshukla.com/wp-content/uploads/2019/07/5b889cb23115c29e34ef9ae302b7f63e-814x1024.jpg,A depiction of {Person} engaging in the process of drawing {Ink/Character} onto {Paper/Surface}.,background_random,False
f9ac4cdafadafdec9c2aec1321183143,,https://www.vet4you.ca/uploads/w5uBZjXu/705x0_1088x0/swimmingoverweightpugsm.jpeg,Animals floating in water with a {Animal}-shaped inflatable {Object}.,background_random,False
ecbadc32bc47632e40cf0c6c8367ceb6,,https://www.motociclismo.es/uploads/static/motociclismo/upload/images/imagegallery/3064/imagenes/0804-redbull-5.jpg,Innovative {Rider} executing an awe-inspiring {Trick} on a {Vehicle} in midair against a {Background}.,background_random,False
f61953077059eb07db4213b77c0fcc6d,,https://i0.wp.com/theverybesttop10.com/wp-content/uploads/2015/12/Top-10-Very-Patient-Dogs-Waiting-In-Lines-And-Queues-4.jpg?resize=600%2C645,"""Group of {Animals} arranged in a line, showcasing their diverse {Colors}, {Sizes}, or {Types} on a shared {Background}""",background_random,False
f18afbc23b2358cec08a6b06ec9e9276,,https://cdn.foreverbarcelona.com/wp-content/uploads/2021/09/top-rated-antoni-gaudi-works-in-barcelona.png,"Exploring the transition from initial {Design/Concept} to final {Execution/Structure}, showcasing the intricate evolution in {Style/Architecture}.",background_random,False
ee5fe7582462757f77683b4e6a17d2da,,http://img.kb-cdn.com/imgviewer/NVpIM2ptOHhYRzVmUk5rM1NrNlFxYVV6enV4aGk2UFRJMmxPckdDUUVNYmlUZlpSWEd5RjBGUk0xbitjMjJKSFNKOWVDcVRZTkRjbTlRZ1Riek9zaVdzMVRraUFmdEtscGpMYTFBbGN1bGJKUGw5UXRySC81SG1EZFZjSFg5UU44ZGIvQUowcGVxSUljN01KMXE0NDhwQkQvbk8zNW5OcFU3ampHNUJnSlBpYkluaHgrdkFXN080ZEY1TTlpZThKOGpLQ1dlUFQ3cGJ3cW93SU12TlUzbWtBWGs1K0xxNGhkNENidVhhQXo1ST0=?square=0,A heart shape crafted from {Food Items} in a creative and artistic way.,background_random,False
f8368fee40ed754baaab5511a36d67db,,https://cdn-image.travelandleisure.com/sites/default/files/styles/1600x1000/public/1510180703/paddington-bear-float-NYCPARADE1117.jpg?itok&,"""Parade featuring oversized floats shaped as {Characters}, {Animals}, or {Objects} floating above a lively crowd and urban scenery.""",background_random,False
e59dcd29b211d339000d6d5eca64e937,,https://img1.pixel-shot.com/small/e/e/8/d/ee8daba9ba9ccbc203b5f37dfdcdfc6f.JPG,Imaginative designs of {Food Items} shaped like different {Animals} or {Objects} on a plate.,background_random,False
e06623c4c10dd95f5894a91e44296496,,https://p0.pikrepo.com/preview/271/51/two-brown-goats.jpg,The {Animals} showcase their remarkable skills while navigating {Terrain} in their natural habitat.,background_random,False
e794779d49570634ae54f0ac6c9c0544,,https://images1.westend61.de/0001195115l/tenis-match-in-the-cityspainmalaga-LJF00042.jpg,"The {Shadow} of a {Object} is cast on the {Surface}, emphasizing its shape and interaction with the surroundings.",background_random,False
e34a947de4b7a7777fd4493c8bf8b76d,,http://media.emergencymgmt.com/images/770*513/shutterstock_connected+US+map.jpg,Visual representation of {Route} highlighting connections between {Start Location} and {End Location} on a map.,background_random,False
f706a997ad8d1f403c6ef70445402104,,https://render.fineartamerica.com/images/rendered/medium/wood-print/images-medium-5/mick-jagger-pop-art-print-david-dehner.jpg,"A pop art-inspired depiction of {Subject} with multiple iterations, each featuring unique {Color} palettes and {Background} settings.",background_random,False
f3ff0bcab073ecd635c9a8339064dfbc,,https://dogdiscoveries.com/.image/t_share/MTgxNjU0Njg5NjQzNzY3MDQy/dog-173007_1920.jpg,Photos showcasing {Dog} performing an impressive {Pose} on a {Surface}.,background_random,False
fa334be74bfdcf9eca37a2e39b5d2cb0,,https://carletonu.pressbooks.pub/app/uploads/sites/11/2018/01/4179063482_e8184e27a1_z-300x300.jpg,Visuals showcasing the {Object} in an exaggerated scale beside regular-size {People} or {Elements}.,background_random,False
eeaab66c173f174a6c75dd5b526b1280,,http://tse1.mm.bing.net/th?id=OIP.5eALBF65KvULJncAfDGRPgHaFG,A collection of {Animals} made through origami using {Paper} folded into various {Colors} and {Shapes}.,background_random,False
e13e16155328b8193618446ffcd19f38,,https://cdn11.bigcommerce.com/s-3emlyccep3/images/stencil/500x659/products/636545/954221/263820-wd__82945.1589253258.jpg?c=1,"Visual representation of how {Object} is stamped onto {Material}, showcasing the transformation into {Completed Object}.",background_random,False
efc3d13a129e0d00da8c3195c77b9efc,,https://betweenenglandandiowa.files.wordpress.com/2018/09/chicago-skydeck-ledge.jpg,"Standing on a glass platform overlooking a {Cityscape}, people give thumbs up while smiling.",background_random,False
f087eaaf1f4954f547a8e0c19e408ac9,,https://cdn.shopify.com/s/files/1/0103/9315/7691/products/Pink_Golf_Ball_copy_2000x.jpg?v=1578343387,An image of a {Object} bursting with colorful {Powder} in a burst of motion.,background_random,False
f7945dc561c4a0df7532b8f491067c70,,https://www.photocase.com/photos/1380589-a-banana-for-ezra-food-fruit-lifestyle-style-design-photocase-stock-photo-medium.jpeg,A {Fruit} held by a {Animal Hand} in front of a {Animal} design.,background_random,False
e779a4e21a73bfa46e9574adc4df6462,,https://s31242.pcdn.co/wp-content/uploads/2020/06/Sri-Lanka-Torture-1-1024x683.jpg,Shadows of {Object} projected onto a {Surface} reveal intricate patterns on the skin.,background_random,False
f7a5da288902faefb34e1def541dc6d5,,https://tipjunkie.com/wp-content/uploads/cache/af/b5/afb5a6b66c3fd6070a6ba239f4293a18.jpg,Creative use of {Vegetables} and {Dip} to construct a {Subject} or {Animal}.,background_random,False
e111954d09650edf40119d0754b4d2d7,,https://s.yimg.com/ny/api/res/1.2/8_ex0fYQA95CM2Ob0FIJ_A--~A/YXBwaWQ9aGlnaGxhbmRlcjtzbT0xO3c9ODAw/https://media-mbst-pub-ue1.s3.amazonaws.com/creatr-uploaded-images/2020-01/1ee85af0-425c-11ea-ae7f-368b53ecad9c,Innovative use of {Object} as a quirky {Hat} for playful or artistic designs.,background_random,False
ec742604e6d838553a7a08c13104a78d,,https://lh3.googleusercontent.com/proxy/_b-qsNYAjFCYblbh4_nMzXPM-NOvU6-nBgLwRukjT9RANez4yrkUfy3koz6ErUAuhNdF5RbI1A1vmFQuWlnxeIQPnyuXawcF0dAV-e-qNKMsB600BeRYeV5XOfuh3dPwgw7BdZReOZkAQ3bDkuThJTulQgiKNh0gWdjMyrpxp3t5qsmxqMGMJQ=s0-d,"Aerial shot of a {Rainbow} stretching over a {Landscape}, highlighting the beauty of {Nature}.",background_random,False
f44d02c72f52ce4d251195f7d29086e2,,https://cdn.wallpaperjam.com/static/images/s/23/c6/23c65b993f32baccc97eb7a8b4478836e6a2ce7b.jpg,Incredible depictions of oversized {Object} interacting with everyday {Scene}.,background_random,False
e7a2cddeab0a5a501f87ceb68a443847,,https://render.fineartamerica.com/images/rendered/default/greeting-card/images-medium/table-and-chairs-frank-nicolato.jpg?&targetx=-25&targety=0&imagewidth=750&imageheight=500&modelwidth=700&modelheight=500&backgroundcolor=A4A4A4&orientation=0,Contrasting black-and-white tones emphasize the {Color} of the {Object} in this artistic photograph.,background_random,False
e057cab1e9988e75a9b75c4575fd4f5b,,"https://t00.deviantart.net/5KqpYd-79F8Yh2_jeZbBr4RhSP4=/fit-in/700x350/filters:fixed_height(100,100):origin()/pre00/c542/th/pre/i/2013/093/5/b/plushie_patchwork_puppet_playing_piano_by_b_spoke-d60aj1p.jpg","""Creatively arranged scenes featuring {Animal} positioned as if interacting with a {Human Object} on a piano.""",background_random,False
eb2ee3cc21ab9eb283659d4719885424,,https://static.straitstimes.com.sg/s3fs-public/styles/xxx_large/public/articles/2016/05/19/01_dino.jpg,"Kids exploring large life-sized {Animal} sculptures in outdoor settings, creating playful and imaginative interactions.",background_random,False
ed3851d69cb864f42ae4c626a4bd4059,,https://img.newchic.com/thumb/large/oaupload/newchic/images/11/19/20131226102409583.JPG,Handcrafted {Knit/Crochet} headwear featuring unique designs of {Animal} shapes crafted with {Material}.,background_random,False
f782cecd165a9ee28881ffb536afd3bc,,https://img-aws.ehowcdn.com/750x400p/photos.demandstudios.com/getty/article/77/81/89791964.jpg,Visuals depicting one {Person} using a {Object} to create a gap in {Relation} with another {Person}.,background_random,False
ff06c750b09d0c5ad7ad371e25f5130a,,https://staging2.jghnews.ciussswestcentral.ca/wp-content/uploads/2019/01/07-128702montage-788x350.jpg,"People interacting with {Animal} in a natural or indoor atmosphere, highlighting {Interaction} or {Connection}.",background_random,False
ea3f9601a0d5916f626295498419a918,,https://drop.ndtv.com/albums/COOKS/creativeburgers/ocean-burger_640_640x480.jpg,Unusual underwater scenes blending {Food} with natural elements like {Animals} or {Plants}.,background_random,False
efe17ab6b4fe8e357600bfbf0ded2359,,https://render.fineartamerica.com/images/rendered/default/greeting-card/images/artworkimages/medium/1/preserving-childhood-upclose-leah-saulnier-the-painting-maniac.jpg?&targetx=-18&targety=0&imagewidth=536&imageheight=700&modelwidth=500&modelheight=700&backgroundcolor=E3E6E1&orientation=1,"Artwork showing {Animal} stored in a {Container}, emphasizing the uniqueness of {Object} within {Ecosystem}.",background_random,False
f370a10c50fed8fd76097d58ff58b3e2,,https://stack.com.au/wp-content/uploads/2019/07/Detective_PIkachu.jpg,"Creative portrayals of {Character} as detective figures, complete with {Device for Observation} and {Evidence/Clue} in a creative design.",background_random,False
ed41a521fb27797e82be487bf624cdc6,,https://images.medicaldaily.com/sites/medicaldaily.com/files/styles/headline/public/2014/08/20/tickling-ears-healthy-heart.jpg,An imaginative depiction of {Object} featuring anthropomorphic traits such as {Ears} and {Face} for a lively touch.,background_random,False
ead035a520c104fbf10d91144a3db1d0,,https://i2.wp.com/theverybesttop10.com/wp-content/uploads/2013/05/Top-10-Images-of-Animals-in-Boxes-5-510x366.jpg?resize=600%2C430&,A {Animal} finding refuge inside a {Container}.,background_random,False
e7373183673791b30b108468d9430f1e,,http://render.fineartamerica.com/images/rendered/medium/greeting-card/images/artworkimages/medium/1/2-pears-bernard-jaubert.jpg,"A black-and-white composition showcasing {Fruits} in their natural form and cross-section views, with a focus on {Color} and {Texture}.",background_random,False
fd71fb6b544e3f537cbe3025c249ce43,,https://picsmine.com/wp-content/uploads/2017/01/Incredible-Three-Friend-Chihuahua-Dog-In-Teacup-Image-For-Wallpaper.jpg,Tiny {Animals} placed in oversized {Containers} for a delightful contrast.,background_random,False
f7c4e1225e2b0277fe678130ec900d37,,https://designgrapher.com/wp-content/uploads/2015/01/baby-photography-examples10.jpg,"A {Newborn} wearing a {Animal} costume, posed with {Color} details and a matching {Background}.",background_random,False
effab592bc8ea3f950add0bff144d0dd,,https://www.tunisiesoir.com/wp-content/uploads/2020/05/Researchers-make-startling-discovery-that-Earth%E2%80%99s-magnetic-field-is-weakening-696x385.jpg,An illustration showcasing the {Magnetic Field} surrounding a {Celestial Body} with visual lines depicting magnetic flux.,background_random,False
e8931f5d01d766aa63dce07b7650e380,,https://www.nasa.gov/sites/default/files/thumbnails/image/us_lights2.jpg,"An image of Earth at night, highlighting the {Lighting} from {Country/Region} and {City}.",background_random,False
f795a18f92568f2e2573c3f03cb38454,,https://www.icon-art.com/media/catalog/product/cache/1/image/572x/040ec09b1e35df139433887a97daa66f/1/0/10201.jpg,Photos of {Animal} wearing {Accessories} for a stylish and unique look.,background_random,False
f22542a5801375eec4032667a7011cb5,,https://d118rjmjhbvwtc.cloudfront.net/uploads/e9f7d3851c734abc8563cf73abe412e4.jpg,"""Creative face paint designs featuring detailed depictions of {Characters}, {Animals}, or {Animals} integrated into artistic styles.""",background_random,False
f7d7ebc2f5326e710b4da153776b57b2,,https://thumb.maxpixel.net/404/White-Black-Transition-Berries-New-Zealand-Snow-220574.jpg,"A {Snow} layer draped over a {Fruit}, creating a striking contrast in appearance.",background_random,False
f0de34307394e1dbe8af7dd6676f1bc4,,https://i.inews.co.uk/content/uploads/2016/05/Sheep-going-to-the-Slaughter-Early-Morning-Near-the-Caledonian-Road-London-1965-1-760x496.jpg,A black-and-white image highlighting the journey of {Animal} through a {Human-Made Environment}.,background_random,False
eea5ba5e7fd1cccbc2fabba37bb06d07,,https://cdn-img-0.wanelo.com/p/c0d/ad0/faf/983dda3bb9b16644f0aeb54/x354-q80.jpg,"""Creative illustrations combining {Animal} and anthropomorphic {Object} in unexpected pairings.""",background_random,False
f1bda01766bd664a7b21a2863d2c754a,,https://interiores.alterblogs.com/wp-content/uploads/2010/11/stairsstoragecombined.jpg,Creative storage solutions utilizing {Space} under {Structure} for organizing {Objects}.,background_random,False
f4e7a3aca359a5970f6af1e7dd879d52,,http://nebula.wsimg.com/e0562138df120cf406fd4e67b33d6160?AccessKeyId=82DED3F69C578692958D&amp;disposition=0&amp;alloworigin=1,A touching moment between a {Parent Animal} and their {Baby Animal} in nature.,background_random,False
f65c39973a5bffde238fb45915b009d8,,https://cdn.athlonoutdoors.com/wp-content/uploads/sites/8/2014/11/handgun-trigger-hbg-2015-color.jpg,"A detailed illustration of the internal mechanisms and components of a {Device}, showcasing how the {Parts} work together.",background_random,False
f992c217cc9ec1c8fcf6b71123cd8889,,https://www.traveller.com.au/content/dam/images/3/b/7/8/u/image.related.articleLeadwide.620x349.3b78s.png/1416283326118.jpg,Monuments with {Statue} adorned in a {Clothing Item} positioned on a {Base}.,background_random,False
ee559edc6413ba949ca732570f37bd27,,https://www.frommers.com/system/image_cache/slot/article/84765/05f3b10a4005e1acd6d342f791b737f2ca9b4ad9/David_Masked.jpg,A {Statue} adorned with a {Face Mask} as a tribute to {Theme or Character}.,background_random,False
feaf94eee87a59961cf84676e183f005,,https://drscdn.500px.org/photo/1726167/m%3D1170/bfbb9c571552c673561979f3383cb7a3,"A lone {Person} in a minimalist setting, emphasizing solitude with an empty {Background} and a {Object} for emphasis.",background_random,False
e259508f2d8456180af90317d3f1a11c,,https://cdn.newsday.com/polopoly_fs/1.24040486.1543544388!/httpImage/image.jpg_gen/derivatives/landscape_768/image.jpg,Sports players showcasing their enthusiasm by chewing on {Food} while wearing {Team Uniform}.,background_random,False
e0abee1d48a64be2a7bfa317093dd2ff,,https://az505806.vo.msecnd.net/cms/97556d03-2c4c-4815-a85f-021a748d0971/1d8a6679-1622-442f-b4b1-b04cba8942ab.jpg,Creative use of {Object} worn as part of the outfit or accessorized to highlight an unusual {Style} or {Appearance}.,background_random,False
eaab2e6d2d0fc775645443b2a7c0d033,,https://africa-images.com/public/photos/B/E/BEIvJQww4iGPCAtpM5Mr1LZ0w/BEIvJQww4iGPCAtpM5Mr1LZ0w_smaller.jpg,"""Step-by-step visual guide for performing {Exercise} using {Equipment} in {Setting}.""",background_random,False
f1650288776a0059bd0b77d010ee8333,,https://www.telegraph.co.uk/multimedia/archive/02864/Corinth_Canal_3_2864521k.jpg,Aerial view of an adrenaline-filled stunt involving a {Vehicle} navigating through a narrow {Passage/Gap}.,background_random,False
ee3b8217669b1631fa63a3db71fa1327,,https://image1.masterfile.com/getImage/NjAwLTAyMzEyMzgzZW4uMDAwMDAwMDA=AG6aK3/600-02312383en_Masterfile.jpg,Individuals in professional attire using {Object} as a metaphor for {Challenge} or {Obstacle}.,background_random,False
f4ba947bdb0133e1fcfefeb1d74b358b,,https://nature.landwebs.com/wp-content/uploads/2021/07/198/how-to-photograph-pine-martens.jpg,A {Subject} captured mid-air during a leap in a {Background/Environment}.,background_random,False
f8ead2f5ecf8df335b5acade47019922,,https://render.fineartamerica.com/images/rendered/medium/print/images/artworkimages/medium/2/woman-playing-violin-underwater-henrik-sorensen.jpg,"Performers underwater in a {Setting}, playing a {Musical Instrument} while wearing a {Clothing}.",background_random,False
ff106c9bd19206aa63adac5b24024713,,"http://t01.deviantart.net/z1FWvXMDpqxwBr4SXL0aeA3I-Vc=/fit-in/700x350/filters:fixed_height(100,100):origin()/pre01/8cb4/th/pre/i/2015/107/2/5/flying_hare_otherside_by_daicelf-d7bnvu8.jpg",Artistic sculptures of {Animal} crafted with metal and intricate {Details}.,background_random,False
f656298ff46f1c9bbedd872174eb21ec,,https://img.theculturetrip.com/768x/wp-content/uploads/2018/06/shutterstock_399280345.jpg,Signs indicating {Obstacle} or {Direction} set against {Roadside Environment}.,background_random,False
e4ad7170dc3b83abd714394ab2610d7d,,https://tastysecretrecipes.com/wp-content/uploads/2019/09/pumpkin-pie-halloween-costume-luxury-diy-pie-slice-costumes-studio-diy-of-pumpkin-pie-halloween-costume.jpg,Creative portrayals of {Fruit} using handmade {Costume} designs.,background_random,False
fa0a1254e08d7c74e2e11b3757d40095,,https://render.fineartamerica.com/images/rendered/medium/phone-case/galaxys7/images-medium-5/climber-city-of-rocks-martin-konopacki.jpg?&targetx=-255&targety=0&imagewidth=885&imageheight=664&modelwidth=374&modelheight=664&backgroundcolor=AFA586&orientation=0&producttype=galaxys7,Creative artwork blending {Illustration} with {Background Scene} to portray {Subject} engaging in unconventional or imaginative scenarios.,background_random,False
f7702a619cf1699c0bac5c9207210604,,https://funnyness.com/sites/default/files/images/i/11-2014/funny-cats.jpg,Marriage-like images with {Animals} dressed in wedding outfits as a bride and groom.,background_random,False
f4e96706982bcab4c71d2fab006e7f7e,,https://westborovillage.com/wp-content/uploads/2019/05/IMG_8557.jpg,Creative use of {Animal} to transform ordinary {Surroundings} into visually appealing urban art.,background_random,False
e9a15417d2a85fb7b49800044e3998e2,,https://www.stylearc.com/wp-content/uploads/alice-kids-short.jpg,"Illustration showcasing {Clothing Item} with the front and back layouts of the {Fabric Item}, along with suggestions for pairing it with other garments.",background_random,False
fbc127695a6843f5d99aabe3fe860356,,https://i.ytimg.com/vi/pvMX8KO-uso/hqdefault.jpg,Artistic integration of {Fruit} with small {Objects} to create striking designs.,background_random,False
fcf8459a4e11d1bce3154eead3e91782,,https://foster.today/wp-content/uploads/2018/05/DP_Heart_broken.jpg,"Visuals portraying {Object} split into two parts, symbolizing {Concept} or {Feeling}.",background_random,False
f2cede7789e53a07efb2da5c5bada1bd,,https://images.bluethumb.com.au/uploads/listing/300733/sarah-mitchell-tropical-steam-train-1-10-bluethumb-39c2.jpg?w=800&fm=png&s=e0eb44f2b941e47d1a17976e0f8779bb,Creative illustrations combining {Historical Vehicles} with imaginative {Animal Features} for whimsical designs.,background_random,False
edceaecbf35534a3d1b9aca4559454fb,,https://www.artfixdaily.com/images/cache/Apr13_Ressia-Double-Bubble282x440_n.jpg,"""Creative portraits blending historical art styles with modern {Activity}.""",background_random,False
e2d0b28a135e82711f6d4cd05e85d88a,,https://lab.fi/sites/default/files/styles/manual_liftup_l/public/2019-10/LAB-brand-nature-009.jpg?h=c64ac3f2&itok=CIdyiCcZ,"A reflective {Surface} is placed in nature, capturing the {Scene} and creating an illusion of merging {Scene} with {Scene}.",background_random,False
f7230d843deccafef408cfea17d06a39,,https://www.telegraph.co.uk/multimedia/archive/01640/tank_1640626i.jpg,Visual representation of the human skeleton constructed from individual {Bone} pieces against a {Background} setting.,background_random,False
dfb76c4f3b8594c6529ebc71a96c08e2,,https://render.fineartamerica.com/images/rendered/search/framed-print/images-medium-5/1-tablespoon-ground-pepper-steve-gadomski.jpg,An action shot highlighting {Action} where {Object} is tossed mid-air against a solid backdrop.,background_random,False
ea453a77bdcb94222d15fd0c75d48d5c,,https://fr.semtech.com/uploads/promo/careers-locations.jpg,People pointing at {Object} on the world map with their {Finger}.,background_random,False
f12d2c09aae1378c2fad29040875a879,,https://www.talkspace.com/blog/wp-content/uploads/2020/10/existential-therapy-what-is-definition-get-started-guide1200.jpg,"A {Person} standing at the entrance of a {Labyrinth}, ready to navigate through its intricate paths.",background_random,False
f034eeb00481d4f2764001ca46f1d2b4,,https://drscdn.500px.org/photo/38249508/m=2048/f209907992f2a02b5547880d53ad5338,"High-contrast black-and-white photography capturing {Subject} within a {Background Environment}, emphasizing contrast and texture in {Scene}.",background_random,False
e4630954e79906a4de9056caa109fe6a,,http://amazingplanetnews.com/wp-content/uploads/2015/12/760733-Two-rocks-and-theie-trails-on-the-Racetrack-Playa-in-Death-Valley-National-Park-California-Stock-Photo-1024x800.jpg,Tracks in {Sand} left by {Object} as it moved over time.,background_random,False
eec152d5ecfcfd10ec4cc1a89521ffc3,,https://cdn.shopify.com/s/files/1/0177/3398/products/IMG_5420_530x@2x.jpg?v=1575494389,Innovative {Gadget} designs with unique {Attachment} details crafted from wood.,background_random,False
e6aee79aa4087231f9b1af9659c6d2ef,,http://assets.natgeotv.com/POD/3061.jpg,"Pictures of {Animals} engaging in playful or combative behavior, showcasing natural interactions between individuals from their species.",background_random,False
efc60e197da9422248097fb38e190861,,https://memegenerator.net/img/instances/34025481/waiting-for-karma-remake.jpg,Illustrations of {Subject} embodying the saying 'waiting for {Imagery/Experience}' in various creative settings.,background_random,False
faaccb8b9925d883c374502f702656f8,,https://aliennews.co.uk/wp-content/uploads/2017/06/Satellite-Images-Revealed-the-Secret-Meaning-of-These-Ancient-Desert-Spirals-627x376.jpeg,"Mysterious {Figures} carved into the earth, revealing patterns and shapes in {Terrain}.",background_random,False
f0a1f9f6dcf857ef3368e6403070d298,,http://i1.wp.com/upload.wikimedia.org/wikipedia/commons/thumb/5/52/Fly-past_Bastille_Day_2013_Paris_t104027.jpg/1200px-Fly-past_Bastille_Day_2013_Paris_t104027.jpg?zoom=2&strip=all,Formation flying by a group of aircrafts leaving trails of {Color} behind against a {Sky Color} backdrop.,background_random,False
e21682b3bd6468eff67c1bf75ee37a39,,http://photos.travellerspoint.com/87699/large_IMG_2500.jpg,A {Subject} positioned in front of a giant {Animal} on a natural setting.,background_random,False
e93eb6b9e781b3e723655ba9b6e5f2a9,,"http://ih3.redbubble.net/image.32159802.1616/pp,550x550.u1.png",Creative representation of {Animal} and {Plant} blending into a unique {Figure}.,background_random,False
fa8fdf6ccbbd19e7e482d136a12103c8,,https://cdn-images.threadless.com/threadless-media/artist_shops/shops/threadless/products/1483433/shirt-1591389645-088fd0d28d6634e14890486c792897e0.png?v=3&d=eyJvbmx5X21ldGEiOiBmYWxzZSwgImZvcmNlIjogZmFsc2UsICJvcHMiOiBbWyJ0cmltIiwgW2ZhbHNlLCBmYWxzZV0sIHt9XSwgWyJyZXNpemUiLCBbXSwgeyJ3aWR0aCI6IDk5Ni4wLCAiYWxsb3dfdXAiOiBmYWxzZSwgImhlaWdodCI6IDk5Ni4wfV0sIFsiY2FudmFzX2NlbnRlcmVkIiwgWzEyMDAsIDEyMDBdLCB7ImJhY2tncm91bmQiOiAiMTcxYzMyIn1dLCBbInJlc2l6ZSIsIFs4MDBdLCB7fV0sIFsiY2FudmFzX2NlbnRlcmVkIiwgWzgwMCwgODAwLCAiI2ZmZmZmZiJdLCB7fV0sIFsiZW5jb2RlIiwgWyJqcGciLCA4NV0sIHt9XV19,Pixelated portrayal of different {Objects} with pixel art style and {Color} details on a {Background}.,background_random,False
fcdbc55e73cb1005eebe28e210eeb040,,"https://i3.cpcache.com/product/1132340839/Double-Bass-On-Bicycle-01-a_Mousepad_300x300.jpg?height=300&amp;width=300&amp;qv=90&amp;side=front&amp;Filters=[%7B&quot;name&quot;:&quot;background&quot;,&quot;value&quot;:&quot;ddddde&quot;,&quot;sequence&quot;:2%7D]",Creative silhouettes showcasing {Person} carrying a {Load} on their back while moving forward.,background_random,False
e479e25a91f4c859c994bfe6d8ec899b,,https://www.rasta-products.com/wp-content/uploads/sites/rasta-products.com/files/sites_rasta-products.com_files_bonnet-vert-600x400.jpg,Creative fusion of {Object} and {Fruit} to craft unique and imaginative {Wearables}.,background_random,False
f9afe9e9c09ab5abb163f164087bfc73,,https://cdn-img-3.wanelo.com/p/78d/bb8/52d/0a175b962327fcc0658c8cd/x354-q80.jpg,Unique and artistic designs made by combining {Plant} with {Object}.,background_random,False
e751c05eb4b530c8838e2e519395746c,,http://www.maison4-deco.fr/wp-content/uploads/Walden-Raft-by-Elise-Morin-and-Florent-Albinet_dezeen_468_4-1.jpg,"A visually striking {Structure} balanced on water, showcasing a reflection of the surroundings.",background_random,False
ef30b2ff640184b98f859aa0be271a58,,https://s.yimg.com/ny/api/res/1.2/R92JMe9fZnFT1zQJCBIGsQ--/YXBwaWQ9aGlnaGxhbmRlcjt3PTk2MDtoPTY0MC4wNzIxNTMzMjU4MTcz/https://s.yimg.com/uu/api/res/1.2/IUuTfSjozSStxV9.Lu17lg--~B/aD0yOTU3O3c9NDQzNTthcHBpZD15dGFjaHlvbg--/https://media.zenfs.com/en/ap.org/bb9b91f13be8b8f93260319a7e5d0e54,Visuals showcasing {Person} carrying {Flower} in {Setting}.,background_random,False
e9f9b058092207065e9883cab65c2370,,https://render.fineartamerica.com/images/rendered/medium/greeting-card/images-medium-5/11-skeletal-system-of-runner-sebastian-kaulitzki.jpg,Visual representation of the {Human Body} with the {Skeleton} visible in various positions and motions.,background_random,False
ed7c84dd673272e834b25dea95dc67e8,,http://4.bp.blogspot.com/-8ezwO-6iGSU/UZ-mBBa_ivI/AAAAAAAACmk/iwyLVf0g1hU/s1600/Richard+Borge-+Golden+Parachutes.jpg,"Creative illustrations showcasing {Object} transformed into a functional {Parachute}, used for reaching or floating in the air.",background_random,False
e48eafc742cf60fa7864f218aaa201ae,,https://www.desktopbackground.org/t/2010/06/30/41170_moons-tumblr-backgrounds-pics-about-space_2880x1800_h.jpg,"The phases of the {Celestial Body} as it orbits around the {Sun/Moon}, demonstrating changes in appearance and lighting.",background_random,False
dfd11e7fcb8afde38c010512d3dced2b,,https://trendhair2019.com/wp-content/uploads/2020/12/50-incredibly-easy-hairstyles-for-school-to-save-you-time-easy-hairstyles-for-short-thick-hair-to-do-at-home-inspirations.jpg,"""Step-by-step instructions for creating a stylish {Hairstyle} using {Hair Styling Techniques}.""",background_random,False
e5673cba192dc07a31d8e3887ff12fb5,,https://saynototopicalsteroids.com/wp-content/uploads/2020/12/getty_493704775_101671.jpg,Visual representation of {People} creatively using {Objects} to scale up or overcome obstacles in their journey.,background_random,False
fc9d5131ee2e472862dd8675ea061b70,,https://www.frommers.com/system/media_items/attachments/000/864/267/s980/Reindeer.jpg?1561641056,A peaceful outdoor setting with {People} practicing yoga near a curious {Animal}.,background_random,False
ea9392b371d3dee0d48d92bdcac84abd,,https://www.ukpets.com/blog/wp-content/uploads/2019/01/dog-hunting.jpg,Dynamic shots of {Dog Breed} executing impressive tricks with {Object} during outdoor activities.,background_random,False
e481d50f8d8ebb76ce7e5a47182dc2cf,,https://i0.wp.com/iocchelli.com/photo/wp-content/uploads/2013/04/IOCC3694-Version-2.jpg?resize=1024%2C678,The {Shadow} of {Person/Object} on the {Surface} creates an interesting contrast with their surroundings.,background_random,False
e950be0147f9354ad3890727c39780cf,,https://www.washingtonian.com/wp-content/uploads/2012/03/standard_Evan-Edgar-Halloween-1.jpg,A duo of {Characters} dressed as iconic {Heroes} for a themed look.,background_random,False
ebe31327c418903a996d519d51f1b2f8,,https://render.fineartamerica.com/images/rendered/default/wood-print/10.000/6.875/break/images/artworkimages/medium/1/laundry-day-aaron-geraud.jpg,A contrast is created by coloring one {Object} in {Color} while keeping the rest in black and white.,background_random,False
e2b504fe9afe6913636c8d321352284d,,http://e-politics.cz/wp-content/uploads/2014/09/estonia_flag.jpg,A map of {Country} showcasing the design of its {National Flag}.,background_random,False
fd9fec38f6470f769a225c309e34dc0c,,https://mayhemandmuse.com/wp-content/uploads/2012/06/biting-pear-grinning-fruit-laughing-vegetable-smile-teeth-human-art-illustration-humore-funny.jpg,Imaginative scenes featuring anthropomorphic {Fruits} interacting with ordinary {Animals} in whimsical settings.,background_random,False
f1e556cd725fb4ecf7b4ce1ae15a38d2,,https://cdn.trendhunterstatic.com/thumbs/food-portrait.jpeg,Creative art showcasing {Fruits} assembled into the likeness of {Faces} or {Figures}.,background_random,False
fc81f15abe1282381aff567fa20aafff,,"https://www.rd.com/wp-content/uploads/2018/08/11-Things-Mice-Dont-Want-You-to-Know-4.jpg?resize=700,466",A group of {Animals} positioned around a number of {Traps} in their natural surroundings.,background_random,False
f7bc6d130a36c20f82d6190be0826809,,http://cdn.lightgalleries.net/4bd5ec1320278/images/20121018_Bed_YWH_2713-1.jpg,"Groups of {Animals} standing near reflective surfaces, showcasing their reflections in the water.",background_random,False
e6545ad596b5dc2b9ec8d35e3712909e,,https://imgpro.shopstar.co.za/lUwgKZ-1O4qwxTo-GIlOj7BtnfEoCzMwU4zz_Az0d68/rs:fill:540:540:1/plain/https://d2ftveoo10umxj.cloudfront.net/uploads/product_image/product_image/display_cd443099-c04e-45c0-8797-64f019b9f8f4.jpg,The interaction between {Person} and an oversized {Object} creates a unique perspective on scale.,background_random,False
f64616d5adc6e9b262cc76bfcdd742e0,,"https://ctl.s6img.com/society6/img/oDEMAiaUXCSo8YdUHnM7RpkFNIY/h_264,w_264/canvas/~artwork/s6-original-art-uploads/society6/uploads/misc/d852cafb3ffc46e586f7b42b1935ceea/~~/topeka-whimsical-cats-in-tree-canvas.jpg?wait=0&attempt=0",A creative representation of {Tree} where {People/Animals} are joined by leaves symbolizing {Connection} or {Relationship}.,background_random,False
f6172eb5d1583a179025289f2e4d4d5b,,https://i1.wp.com/www.botany.one/wp-content/uploads/2019/06/Coastal_Seedling.jpg?resize=900%2C460&ssl=1,"A close-up view of {Plant} growing out of {Soil}, with the background blurred for focus on the subject.",background_random,False
e3ba602b3b0222e224edf37e8a050cfb,,"http://img.playbuzz.com/image/upload/f_auto,fl_lossy,q_auto/cdn/3f909399-dfa8-4ef8-9b09-f1078b861a32/34b10f75-6bb4-4eda-850b-eeef59bebe41.jpg",Creative illustrations showcasing {Character} performing unique stunts with an {Object} in unexpected ways.,background_random,False
ec912d283f7b6ecc9583a409131bc7aa,,https://render.fineartamerica.com/images/rendered/medium/print/images/artworkimages/medium/2/blood-moon-eclipse-tailor-hartman.jpg,"The evolution of the {Celestial Object} through its phases, depicted as {Appearance 1}, {Appearance 2}, {Appearance 3}.",background_random,False
f296e92731062599921880578f3d1b3c,,https://render.fineartamerica.com/images/rendered/search/print/images-medium-5/doors-new-orleans-christine-till.jpg,"A collection of {Door} designs with diverse {Colors}, {Shapes}, and {Backgrounds}.",background_random,False
f2c46cc97c4a3faf8e5e9651be37679f,,https://images.squarespace-cdn.com/content/53670367e4b0960410cb77f6/1506641109568-516VJ6CVCAWV975JHQ8Z/image-asset.jpeg?content-type=image%2Fjpeg,"An aerial view of a {Road Type} winding through the landscape, flanked by {Surroundings} on either side.",background_random,False
e48cfc11144d77cc41ec1ea5c560cb4d,,https://i.icanvas.com/XAN43?d=3&p=1&sh=s&s=s&bg=w,Illustration of {Human Figure} interacting with {Animal} in a symbolic or imaginative way.,background_random,False
ed2d4f3e353bb4f31b9102bf71cd8b67,,https://s1.reutersmedia.net/resources/r/?m=02&d=20121113&t=2&i=673932389&w=490&fh=&fw=&ll=&pl=&sq=&r=2012-11-13T162114Z_02_GM1E8B60MWT01_RTRRPP_0_INDIA,"""Group of individuals in matching {Clothing} performing synchronized {Pose} or engaging in coordinated {Activity}.""",background_random,False
eb457599a92ff348a1635ea5416f5678,,"https://images.complex.com/images/c_limit,f_auto,fl_lossy,q_auto,w_1030/kq0vyi2cemq1kjbhycyn/flying-lotus-red-tim-saccenti","Visuals of a {Face} framed by {Hands} or {Fingers}, showcasing a striking {Expression} or {Gesture}.",background_random,False
eb7f6fa4ab53acff098c4ad136721dc4,,https://www.ctvnews.ca/polopoly_fs/1.3628975.1507806439!/httpImage/image.jpg_gen/derivatives/landscape_620/image.jpg,"Visuals of {Footprint} left on surfaces such as {Sand}, {Dirt}, or {Snow}.",background_random,False
f4da2b4ffcc8f48b7eb14a2808be7e7b,,https://onebigphoto.com/wp-content/themes/onebigphotoNEW/timthumb.php?src=http://onebigphoto.com/uploads/2014/11/dog-holds-muffin-on-his-head.jpg&w=280&h=270,Animals creatively balancing a {Object} on their head for an amusing visual effect.,background_random,False
e67d86261f56b786646ef059b598f7d0,,http://i3.cpcache.com/product/557803357/angel_spotted_doxie_throw_blanket.jpg?width=750&amp;height=750&amp;Filters=%5b%7b%22name%22%3a%22background%22%2c%22value%22%3a%22F2F2F2%22%2c%22sequence%22%3a2%7d%5d,"Illustration of {Animal} with a {Halo}, symbolizing {Happiness} or {Sainthood}.",background_random,False
e36bf293be0a4ced83dbb5c0dec44356,,https://www.buzznicked.com/wp-content/uploads/2016/03/desktop-1458936848.png.jpeg,Carefully stacked {Objects} to create an eye-catching design or structure.,background_random,False
f28c3629e60dc49b7e197e1a46c5dbe9,,https://render.fineartamerica.com/images/rendered/search/print/images-medium-5/when-pigs-can-fly-jack-zulli.jpg,"Imaginative depictions of {Animal} with wings, blending fantasy and reality in a dreamlike atmosphere.",background_random,False
fc1dbf817b4e280bd4ddbe871b4cf9a8,,http://rlv.zcache.com/op_art_bichon_frise_cody_triangle_sticker-r02fb701eb46b47328262404a893e2d94_v9w05_8byvr_324.jpg,Pop art-inspired designs showcasing {Subject} in multiple {Colors} and {Backgrounds}.,background_random,False
f966228861b50ceff2e9e94d8af42842,,https://www.skissernasmuseum.se/transforms/images/1425/Andy-Goldsworthy_1753be56f08433435af6aa5cd63c3b0b.jpg,"""Images of {Person} interacting with nature by blowing {Flower Petals} in outdoor settings.""",background_random,False
f44d18f9536ea19d12dbe600a7de41dc,,https://k6r7m2d4.stackpathcdn.com/wp-content/uploads/2012/03/girl_in_the_bottle_-c_6ffba-366x550.jpg?theia_smart_thumbnails_file_version=3,"Enchanted scenes with {Scene} enclosed in a glass bottle, creating a magical miniature world.",background_random,False
f79bbaa320eadd3c29a87bca7a9ca37a,,https://render.fineartamerica.com/images/rendered/search/print/images/artworkimages/medium/1/cloud-9-cindy-thornton.jpg,Creative depictions of {Person} engaging with whimsical {Object} in imaginative {Setting}.,background_random,False
e812ab22fd3ee888fcb1fdd237f7087b,,"https://cdn.substack.com/image/fetch/w_1456,c_limit,f_auto,q_auto:good,fl_progressive:steep/https%3A%2F%2Fbucketeer-e05bbc84-baa3-437e-9518-adb32be77984.s3.amazonaws.com%2Fpublic%2Fimages%2F62d09b3f-a330-4109-81e7-75f796aefebe_1000x668.jpeg",A striking image of a {Flower} emerging from a crack in {Surface}.,background_random,False
ff9792b81857a24179362eae9e783a5f,,https://weandthecolor.com/wp-content/uploads/2012/02/tumblr_ly1hh4y77v1qbj1sio1_1280-290x290.jpg,Strangely combined images merging {Objects} in unexpected ways to create surreal and imaginative scenes.,background_random,False
e1fa528c53d862c0d63b0b5169cc3b74,,https://photos.smugmug.com/Eadweard-Muybridge/Edward-Muybridge-Human-Animal-/i-n9R3v4w/1/3ba386cc/L/676_USC_rbm-QP301M8-1887-676-L.jpg,Step-by-step depiction of {Subject}'s motion in various phases of {Action}.,background_random,False
eb80381b46cf3a6c07d59f42888cce99,,http://render.fineartamerica.com/images/rendered/medium/greeting-card/images/artworkimages/medium/1/baby-possums-liz-vernand.jpg,Photos of {Parent Animal} caring for their {Baby Animals} in a loving and nurturing environment.,background_random,False
f5fb5cf1c790f52a84adf059a0c6614c,,https://peopletotravel.com/wp-content/uploads/2020/02/43882/how-to-find-the-right-size-crate-for-your-dog-chewy.jpg,Visuals portraying {Animals} in progressively larger {Containment Spaces} to show their growth or evolution.,background_random,False
ee350d763ea6fb443774badfde8a4c51,,https://assets.hongkiat.com/uploads/creative-baking-stamps/17-creative-baking-stamps.jpg,"Artistic cookie sculptures shaped like various {Animals}, displayed on a {Surface}.",background_random,False
fe43b25e9398a3cceeb67c15bf8ed014,,https://render.fineartamerica.com/images/rendered/medium/greeting-card/images-medium-5/john-bakers-team-running-down-frozen-yukon-river-jeff-schultz.jpg,An aerial view of a {Dog Team} pulling a {Vehicle} across a {Surface} during a journey.,background_random,False
fcaaf7de36b0a5e317d385a87f157024,,https://render.fineartamerica.com/images/rendered/search/poster/images-medium-5/woman-and-dogs-c1903-granger.jpg,A vintage portrayal of {Scene} where {Human} is joined by {Animals} in a scenic or artistic composition.,background_random,False
f897e8a528c1c28b7117de6767c7c2cc,,http://render.fineartamerica.com/images/images-profile-flow/350/images/artworkimages/medium/1/mona-lisa-stan-tenney.jpg,A {Famous Artwork} creatively integrated onto a {Surface} with a unique twist on the original design.,background_random,False
fe28a2434a23af82c82a43a4904906ff,,https://11pyvy32nvqa10nkav12az6n-wpengine.netdna-ssl.com/wp-content/uploads/2018/06/vascular-health.jpg,Visual representation of {Cleaning Process} where {Object} is being scrubbed away to unveil {Surface/Space}.,background_random,False
f508818264e090076dacb02c89a876bd,,https://s3-us-west-2.amazonaws.com/sfmomamedia/media/t/uploads/images/r41Kb64fDBGW.jpg,Photos showing individuals wearing unique headwear made with {Object} to craft creative {Style}.,background_random,False
f488fb3123a78311ab0c56a8f6d3e35c,,http://dev.rodpub.com/images/214/523_main.jpg,"The {Face} is partially hidden by a large leaf, with only the {Feature} visible against a natural backdrop.",background_random,False
eefc236d75749daeada5b3953d5bf30d,,https://www.animalocean.co.za/wp-content/uploads/2014/09/Under-Fly-by-21-400x287.jpg,Underwater moments featuring {Animal} interacting with {Environment} in remarkable ways.,background_random,False
f63701f71809c08e105cf76b8dd2d0c2,,http://qltyctrl.com/wp-content/uploads/2013/12/clever-christmas-1.jpg,Innovative use of {Surface} for displaying wrapped {Objects}.,background_random,False
ee8e614c70c18468009b8599d991eba6,,"https://i3.cpcache.com/product/690454864/Starry__OES_Square_Canvas_Pillow_300x300.jpg?height=300&amp;width=300&amp;qv=90&amp;side=front&amp;Filters=[%7B&quot;name&quot;:&quot;background&quot;,&quot;value&quot;:&quot;ddddde&quot;,&quot;sequence&quot;:2%7D]",A creative blend of {Famous Artwork} and {Animals} into a unique visual experience.,background_random,False
fe51e7d29f2b99f2c698f3d0a6e08b24,,https://www.drought-smart-plants.com/images/xheart-tree2.jpg.pagespeed.ic.RPDH7c307d.jpg,A carved {Symbol} on a {Tree Trunk} representing {Love} or {Nature}.,background_random,False
e9faeff30482586e09189e0ecded096c,,"https://tul.imgix.net/content/article/museumofthemoon5.jpg?auto=format,compress&w=740&h=525&fit=crop&crop=edges","The {Object} is mirrored on the still surface of the {Surface}, creating a perfect reflection.",background_random,False
e909c71567c3d0a8106cbd7b9ad8120b,,https://blog.atomee.com/wp-content/uploads/2020/10/How-to-do-makeup-step-by-step-with-baking%EF%BC%9F-1.jpg,"Visual representation of the progression of {Process} through multiple steps, with examples of {Step 1}, {Step 2}, {Step 3}, and {Step 4}.",background_random,False
e190142123f0534b020d6cd3e84993b5,,http://cdn2.newsok.biz/cache/r960-8bca689474bfada8e417ee0e7b475cb3.jpg,A {Athlete} in a {Team Uniform} executing a dramatic airborne move during a {Sport}.,background_random,False
dffb0cdac5022e43211d7f82e6056aa5,,https://www.nutritionadvance.com/wp-content/uploads/2018/06/cracked-open-egg-shell-with-whole-egg.jpg,An illustration of a {Food Item} split open to reveal its {Inner Components} and {External Features}.,background_random,False
dfc55dbf610f06739da4f88b9f281eeb,,http://rlv.zcache.com/cricket_band_with_horn_cello_violin_postcards-r6459d896955f4d869d03df0ae8742a23_vgbaq_8byvr_324.jpg,Musicians performing with instruments shaped like {Animal}.,background_random,False
f4d0d5cd1997799aafaef9ec4043915c,,https://www.adventurecats.org/wp-content/uploads/2017/04/Bela-2-of-2.jpg,Photos showcasing {Cat} walking on a {Harness/Leash} in various settings.,background_random,False
e076f5739fef6215909c37b0b9e0e820,,https://www.iolnegocios.pt/wp-content/uploads/2021/05/27727024-aa00-f547-5424-e94ad0a3190a.jpeg,"A {Furniture/Object} found in an unexpected or unconventional location, surrounded by {Environment/Setting}.",background_random,False
fa2389e839ef4c319dcbcd4eda73154e,,https://media.istockphoto.com/vectors/orange-fruit-vector-id673386244?k=6&m=673386244&s=612x612&w=0&h=4cVHblUK3dlOjXglIQHxudXxRwxOKmBlSo-X5dBH94w=,"Visuals showcasing {Fruit} in diverse styles, including real images and artistic representations, with highlights on their {Slices}, {Leaves}, and {Colors}.",background_random,False
fb3703dcf16cec34b4c99cebfa6d519b,,https://image1.masterfile.com/getImage/Njc5LTA3ODQ2MTg4ZW4uMDAwMDAwMDA=AD9YdT/679-07846188en_Masterfile.jpg,Creative integration of {Object} in a shopping cart representing {Theme or Idea}.,background_random,False
f5c39d3d56dad3337be698815e7e384e,,https://de.krautgaming.com/files/2014/07/Sniper-Elite-3-Hitler.jpg,A depiction of {Person} with binoculars showcasing {Face} in the lenses.,background_random,False
fba9ba2344a45d9ed842f2a6bd38bb0f,,https://www.rxwallpaper.site/wp-content/uploads/salvador-dali-desktop-wallpapers-wallpaper-cave.jpg,"A surreal artwork showcasing {Imaginative Characters} and {Animals} in an otherworldly landscape, reflecting {Themes of Nature and Metaphysical Ideas}",background_random,False
e5ba23a2369b212ac7fa5a9f5b288ef8,,http://tse3.mm.bing.net/th?id=OIP.lsTAOT8jHpg2Ibz683iNAAHaGa,"""Outdoor hockey games featuring {Players} on a {Snow-Covered Rink} in various {Scenic Environments}.""",background_random,False
eb17053d0537c2ffa081026b9286d6f4,,https://avatar.amuniversal.com/user_avatars/avatars_gocomicsver3/2470000/2470351/facepalm-bear-2.png,Photos of {Animal} engaging in self-grooming behaviors while focused on their own fur or skin.,background_random,False
