triplet_id,relation_family,condition,model,sim_pos,sim_neg,margin,correct
control_f7604670,attribute_priority_control,control,relsim,0.6425232291221619,0.0117281302809715,0.6307950988411903,1
control_f7604670,attribute_priority_control,control,CLIP,0.702751636505127,0.4736998677253723,0.2290517687797546,1
control_f7604670,attribute_priority_control,control,DINO,0.0036788312718272,-0.0168337412178516,0.0205125724896788,1
control_f0179de6,attribute_priority_control,control,relsim,0.2960059642791748,0.1630700826644897,0.132935881614685,1
control_f0179de6,attribute_priority_control,control,CLIP,0.7332963943481445,0.511965274810791,0.2213311195373535,1
control_f0179de6,attribute_priority_control,control,DINO,0.4259774684906006,0.0255012530833482,0.4004762154072523,1
control_edf23f69,attribute_priority_control,control,relsim,0.7550336718559265,-0.2556030750274658,1.0106367468833923,1
control_edf23f69,attribute_priority_control,control,CLIP,0.7933750748634338,0.5027036666870117,0.2906714081764221,1
control_edf23f69,attribute_priority_control,control,DINO,0.5465030670166016,0.0380091741681098,0.5084938928484917,1
control_ea77f0de,attribute_priority_control,control,relsim,0.5550432205200195,0.0981237664818763,0.4569194540381431,1
control_ea77f0de,attribute_priority_control,control,CLIP,0.7438233494758606,0.6852013468742371,0.0586220026016235,1
control_ea77f0de,attribute_priority_control,control,DINO,0.2823820412158966,0.1632320284843444,0.1191500127315521,1
control_e931ad97,attribute_priority_control,control,relsim,0.4500230550765991,-0.0906454697251319,0.5406685248017311,1
control_e931ad97,attribute_priority_control,control,CLIP,0.7726154327392578,0.4866561889648437,0.285959243774414,1
control_e931ad97,attribute_priority_control,control,DINO,0.3074031174182892,0.0352232046425342,0.2721799127757549,1
control_f6b27f58,attribute_priority_control,control,relsim,0.4980305433273315,-0.0736569985747337,0.5716875419020653,1
control_f6b27f58,attribute_priority_control,control,CLIP,0.8712191581726074,0.7170881032943726,0.1541310548782348,1
control_f6b27f58,attribute_priority_control,control,DINO,0.8147326111793518,0.0884963199496269,0.7262362912297249,1
control_ec0753d7,attribute_priority_control,control,relsim,0.872818112373352,-0.0085512548685073,0.8813693672418594,1
control_ec0753d7,attribute_priority_control,control,CLIP,0.7677628993988037,0.4689632654190063,0.2987996339797973,1
control_ec0753d7,attribute_priority_control,control,DINO,0.2439887076616287,0.0378697849810123,0.2061189226806163,1
control_e22288fa,attribute_priority_control,control,relsim,0.1409059464931488,0.4938228130340576,-0.3529168665409088,0
control_e22288fa,attribute_priority_control,control,CLIP,0.75260329246521,0.498040109872818,0.2545631825923919,1
control_e22288fa,attribute_priority_control,control,DINO,0.1037328392267227,0.0982388257980346,0.005494013428688,1
control_ecbe3667,attribute_priority_control,control,relsim,0.6056052446365356,0.2027961909770965,0.4028090536594391,1
control_ecbe3667,attribute_priority_control,control,CLIP,0.752975344657898,0.5550838112831116,0.1978915333747863,1
control_ecbe3667,attribute_priority_control,control,DINO,0.3477478921413421,0.0618649721145629,0.2858829200267792,1
control_edd38ba0,attribute_priority_control,control,relsim,0.2531448602676391,0.0624452643096447,0.1906995959579944,1
control_edd38ba0,attribute_priority_control,control,CLIP,0.8041835427284241,0.5442512631416321,0.259932279586792,1
control_edd38ba0,attribute_priority_control,control,DINO,0.0681614875793457,0.0351039953529834,0.0330574922263622,1
control_f6285277,attribute_priority_control,control,relsim,0.5369091033935547,0.1057017594575882,0.4312073439359665,1
control_f6285277,attribute_priority_control,control,CLIP,0.8247281312942505,0.5864948034286499,0.2382333278656005,1
control_f6285277,attribute_priority_control,control,DINO,0.183050274848938,0.0338423922657966,0.1492078825831413,1
control_ece7301b,attribute_priority_control,control,relsim,0.1441191583871841,-0.1098808795213699,0.2540000379085541,1
control_ece7301b,attribute_priority_control,control,CLIP,0.6451408863067627,0.471132755279541,0.1740081310272216,1
control_ece7301b,attribute_priority_control,control,DINO,0.0460715517401695,-0.0353478193283081,0.0814193710684776,1
control_eab97184,attribute_priority_control,control,relsim,0.3064571022987366,0.1228236407041549,0.1836334615945816,1
control_eab97184,attribute_priority_control,control,CLIP,0.7707284688949585,0.451511025428772,0.3192174434661865,1
control_eab97184,attribute_priority_control,control,DINO,0.3216830790042877,0.0300925746560096,0.291590504348278,1
control_e9218d6b,attribute_priority_control,control,relsim,0.4947984218597412,-0.0679920017719268,0.5627904236316681,1
control_e9218d6b,attribute_priority_control,control,CLIP,0.7361099720001221,0.5362372398376465,0.1998727321624755,1
control_e9218d6b,attribute_priority_control,control,DINO,-0.0156317893415689,-0.0705503225326538,0.0549185331910848,1
control_e7e77c1a,attribute_priority_control,control,relsim,0.4970952570438385,-0.0020619090646505,0.499157166108489,1
control_e7e77c1a,attribute_priority_control,control,CLIP,0.6929477453231812,0.5374078750610352,0.155539870262146,1
control_e7e77c1a,attribute_priority_control,control,DINO,0.6193329095840454,0.0880427435040474,0.531290166079998,1
aligned_temp_ebd67189_ed83ebbc,temporal_transformation,aligned,relsim,0.5478201508522034,0.0439859516918659,0.5038341991603374,1
aligned_temp_ebd67189_ed83ebbc,temporal_transformation,aligned,CLIP,0.5430649518966675,0.4423560500144958,0.1007089018821716,1
aligned_temp_ebd67189_ed83ebbc,temporal_transformation,aligned,DINO,0.1637071073055267,-0.0131977023556828,0.1769048096612095,1
aligned_comp_df567ccf_f7a829fa,compositional_formation,aligned,relsim,0.7045058012008667,-0.0951258987188339,0.7996316999197006,1
aligned_comp_df567ccf_f7a829fa,compositional_formation,aligned,CLIP,0.8455082178115845,0.5411950349807739,0.3043131828308105,1
aligned_comp_df567ccf_f7a829fa,compositional_formation,aligned,DINO,0.8680939674377441,0.0464516244828701,0.821642342954874,1
aligned_temp_e91c016d_ebb0a441,temporal_transformation,aligned,relsim,0.5041464567184448,0.1595363616943359,0.3446100950241089,1
aligned_temp_e91c016d_ebb0a441,temporal_transformation,aligned,CLIP,0.5668078660964966,0.4763968586921692,0.0904110074043273,1
aligned_temp_e91c016d_ebb0a441,temporal_transformation,aligned,DINO,0.0782029628753662,0.0218965839594602,0.0563063789159059,1
aligned_comp_f3c9463a_f9575588,compositional_formation,aligned,relsim,0.2907784283161163,0.1128403395414352,0.1779380887746811,1
aligned_comp_f3c9463a_f9575588,compositional_formation,aligned,CLIP,0.6084822416305542,0.650080680847168,-0.0415984392166137,0
aligned_comp_f3c9463a_f9575588,compositional_formation,aligned,DINO,0.1356308907270431,0.0438466407358646,0.0917842499911785,1
aligned_temp_ed83ebbc_fec41d2a,temporal_transformation,aligned,relsim,0.7628036737442017,0.0317932702600955,0.7310104034841061,1
aligned_temp_ed83ebbc_fec41d2a,temporal_transformation,aligned,CLIP,0.6976836919784546,0.2878976762294769,0.4097860157489776,1
aligned_temp_ed83ebbc_fec41d2a,temporal_transformation,aligned,DINO,0.2842590808868408,-0.0054247770458459,0.2896838579326868,1
aligned_temp_ea142066_eeb47991,temporal_transformation,aligned,relsim,0.415982723236084,-0.0403646603226661,0.4563473835587501,1
aligned_temp_ea142066_eeb47991,temporal_transformation,aligned,CLIP,0.5785672664642334,0.5211213827133179,0.0574458837509155,1
aligned_temp_ea142066_eeb47991,temporal_transformation,aligned,DINO,0.1264835596084594,0.1382779031991958,-0.0117943435907363,0
conflict_temp_ebd67189_ea184053,temporal_transformation,conflict,relsim,-0.0337822958827018,0.3108330368995666,-0.3446153327822685,0
conflict_temp_ebd67189_ea184053,temporal_transformation,conflict,CLIP,0.3767512440681457,0.6411051750183105,-0.2643539309501648,0
conflict_temp_ebd67189_ea184053,temporal_transformation,conflict,DINO,0.0175090041011571,-0.0235862508416175,0.0410952549427747,1
conflict_temp_ebd67189_f9868284,temporal_transformation,conflict,relsim,-0.0337822958827018,0.2529791891574859,-0.2867614850401878,0
conflict_temp_ebd67189_f9868284,temporal_transformation,conflict,CLIP,0.3767512440681457,0.6367384195327759,-0.2599871754646301,0
conflict_temp_ebd67189_f9868284,temporal_transformation,conflict,DINO,0.0175090041011571,0.011104199104011,0.0064048049971461,1
conflict_temp_ebd67189_e931ad97,temporal_transformation,conflict,relsim,-0.0337822958827018,0.1742976605892181,-0.20807995647192,0
conflict_temp_ebd67189_e931ad97,temporal_transformation,conflict,CLIP,0.3767512440681457,0.6339581608772278,-0.257206916809082,0
conflict_temp_ebd67189_e931ad97,temporal_transformation,conflict,DINO,0.0175090041011571,-0.0004117209464311,0.0179207250475883,1
conflict_temp_ebd67189_f9a513c1,temporal_transformation,conflict,relsim,-0.0337822958827018,0.1239022016525268,-0.1576844975352287,0
conflict_temp_ebd67189_f9a513c1,temporal_transformation,conflict,CLIP,0.3767512440681457,0.6259356141090393,-0.2491843700408935,0
conflict_temp_ebd67189_f9a513c1,temporal_transformation,conflict,DINO,0.0175090041011571,0.1411541998386383,-0.1236451957374811,0
conflict_comp_f7a829fa_f9e159e9,compositional_formation,conflict,relsim,0.5206025838851929,0.3696431517601013,0.1509594321250915,1
conflict_comp_f7a829fa_f9e159e9,compositional_formation,conflict,CLIP,0.5733449459075928,0.8003106117248535,-0.2269656658172607,0
conflict_comp_f7a829fa_f9e159e9,compositional_formation,conflict,DINO,0.0373931303620338,0.0834687948226928,-0.046075664460659,0
conflict_comp_ed4e5647_effa9ae0,compositional_formation,conflict,relsim,0.1405443698167801,0.4136625230312347,-0.2731181532144546,0
conflict_comp_ed4e5647_effa9ae0,compositional_formation,conflict,CLIP,0.6350730657577515,0.7734097838401794,-0.1383367180824279,0
conflict_comp_ed4e5647_effa9ae0,compositional_formation,conflict,DINO,0.2777104377746582,0.3390668332576751,-0.0613563954830169,0
conflict_temp_ebb0a441_f9e159e9,temporal_transformation,conflict,relsim,0.2076547145843505,0.1118612289428711,0.0957934856414794,1
conflict_temp_ebb0a441_f9e159e9,temporal_transformation,conflict,CLIP,0.5036718845367432,0.707690954208374,-0.2040190696716308,0
conflict_temp_ebb0a441_f9e159e9,temporal_transformation,conflict,DINO,0.0355429500341415,0.2443652898073196,-0.2088223397731781,0
conflict_temp_ebb0a441_f80a40b6,temporal_transformation,conflict,relsim,0.2076547145843505,0.1573095172643661,0.0503451973199844,1
conflict_temp_ebb0a441_f80a40b6,temporal_transformation,conflict,CLIP,0.5036718845367432,0.6669198870658875,-0.1632480025291443,0
conflict_temp_ebb0a441_f80a40b6,temporal_transformation,conflict,DINO,0.0355429500341415,0.182195246219635,-0.1466522961854934,0
conflict_temp_ebb0a441_e7e77c1a,temporal_transformation,conflict,relsim,0.2076547145843505,0.2383681535720825,-0.0307134389877319,0
conflict_temp_ebb0a441_e7e77c1a,temporal_transformation,conflict,CLIP,0.5036718845367432,0.6653702259063721,-0.1616983413696289,0
conflict_temp_ebb0a441_e7e77c1a,temporal_transformation,conflict,DINO,0.0355429500341415,0.1414498537778854,-0.1059069037437439,0
conflict_comp_e4402b2e_f6285277,compositional_formation,conflict,relsim,0.0834854170680046,0.225610539317131,-0.1421251222491264,0
conflict_comp_e4402b2e_f6285277,compositional_formation,conflict,CLIP,0.6576642394065857,0.7622066140174866,-0.1045423746109008,0
conflict_comp_e4402b2e_f6285277,compositional_formation,conflict,DINO,0.0552967563271522,0.0257623381912708,0.0295344181358814,1
conflict_comp_f9575588_f031e302,compositional_formation,conflict,relsim,0.202536791563034,0.3754575848579407,-0.1729207932949066,0
conflict_comp_f9575588_f031e302,compositional_formation,conflict,CLIP,0.548346221446991,0.7228552103042603,-0.1745089888572693,0
conflict_comp_f9575588_f031e302,compositional_formation,conflict,DINO,0.0307124536484479,0.2008478194475174,-0.1701353657990694,0
conflict_comp_f9575588_e710eb7f,compositional_formation,conflict,relsim,0.202536791563034,0.4165939390659332,-0.2140571475028991,0
conflict_comp_f9575588_e710eb7f,compositional_formation,conflict,CLIP,0.548346221446991,0.6872092485427856,-0.1388630270957946,0
conflict_comp_f9575588_e710eb7f,compositional_formation,conflict,DINO,0.0307124536484479,0.0506747737526893,-0.0199623201042413,0
conflict_temp_f55b60c9_fe5f295c,temporal_transformation,conflict,relsim,0.3491271138191223,0.0511142574250698,0.2980128563940525,1
conflict_temp_f55b60c9_fe5f295c,temporal_transformation,conflict,CLIP,0.523257315158844,0.6409749388694763,-0.1177176237106323,0
conflict_temp_f55b60c9_fe5f295c,temporal_transformation,conflict,DINO,0.0409135520458221,0.4605124592781067,-0.4195989072322845,0
conflict_temp_f55b60c9_ee5703f7,temporal_transformation,conflict,relsim,0.3491271138191223,0.1885025203227996,0.1606245934963226,1
conflict_temp_f55b60c9_ee5703f7,temporal_transformation,conflict,CLIP,0.523257315158844,0.639290988445282,-0.1160336732864379,0
conflict_temp_f55b60c9_ee5703f7,temporal_transformation,conflict,DINO,0.0409135520458221,0.3019343614578247,-0.2610208094120025,0
conflict_comp_f3c9463a_fafba6a6,compositional_formation,conflict,relsim,0.4966332912445068,0.2577537000179291,0.2388795912265777,1
conflict_comp_f3c9463a_fafba6a6,compositional_formation,conflict,CLIP,0.5978908538818359,0.7925142049789429,-0.1946233510971069,0
conflict_comp_f3c9463a_fafba6a6,compositional_formation,conflict,DINO,0.042964681982994,0.2641848921775818,-0.2212202101945877,0
conflict_comp_f3c9463a_f8a6c5cb,compositional_formation,conflict,relsim,0.4966332912445068,0.0855733826756477,0.4110599085688591,1
conflict_comp_f3c9463a_f8a6c5cb,compositional_formation,conflict,CLIP,0.5978908538818359,0.7391655445098877,-0.1412746906280517,0
conflict_comp_f3c9463a_f8a6c5cb,compositional_formation,conflict,DINO,0.042964681982994,0.2786458730697632,-0.2356811910867691,0
conflict_temp_df060e26_ef9cce39,temporal_transformation,conflict,relsim,0.2972647249698639,0.263835608959198,0.0334291160106658,1
conflict_temp_df060e26_ef9cce39,temporal_transformation,conflict,CLIP,0.3465247452259063,0.743429958820343,-0.3969052135944366,0
conflict_temp_df060e26_ef9cce39,temporal_transformation,conflict,DINO,0.0104313306510448,0.2411867976188659,-0.2307554669678211,0
conflict_temp_ed83ebbc_e310096e,temporal_transformation,conflict,relsim,0.0910790562629699,0.2006926834583282,-0.1096136271953582,0
conflict_temp_ed83ebbc_e310096e,temporal_transformation,conflict,CLIP,0.2862513661384582,0.5639285445213318,-0.2776771783828735,0
conflict_temp_ed83ebbc_e310096e,temporal_transformation,conflict,DINO,-0.0023327395319938,0.1896330118179321,-0.191965751349926,0
conflict_temp_ed83ebbc_f9a513c1,temporal_transformation,conflict,relsim,0.0910790562629699,0.2609626650810241,-0.1698836088180542,0
conflict_temp_ed83ebbc_f9a513c1,temporal_transformation,conflict,CLIP,0.2862513661384582,0.5587158799171448,-0.2724645137786865,0
conflict_temp_ed83ebbc_f9a513c1,temporal_transformation,conflict,DINO,-0.0023327395319938,0.1959249377250671,-0.198257677257061,0
conflict_temp_ed83ebbc_e939f507,temporal_transformation,conflict,relsim,0.0910790562629699,0.1164707243442535,-0.0253916680812835,0
conflict_temp_ed83ebbc_e939f507,temporal_transformation,conflict,CLIP,0.2862513661384582,0.5413903594017029,-0.2551389932632446,0
conflict_temp_ed83ebbc_e939f507,temporal_transformation,conflict,DINO,-0.0023327395319938,0.3582995235919952,-0.3606322631239891,0
conflict_temp_e64769e2_ef958172,temporal_transformation,conflict,relsim,0.8994426131248474,0.3288081288337707,0.5706344842910767,1
conflict_temp_e64769e2_ef958172,temporal_transformation,conflict,CLIP,0.506690502166748,0.6770491600036621,-0.170358657836914,0
conflict_temp_e64769e2_ef958172,temporal_transformation,conflict,DINO,0.4803997874259949,0.1846360713243484,0.2957637161016464,1
conflict_temp_e64769e2_e1b9b00d,temporal_transformation,conflict,relsim,0.8994426131248474,0.3819403052330017,0.5175023078918457,1
conflict_temp_e64769e2_e1b9b00d,temporal_transformation,conflict,CLIP,0.506690502166748,0.6547918319702148,-0.1481013298034668,0
conflict_temp_e64769e2_e1b9b00d,temporal_transformation,conflict,DINO,0.4803997874259949,0.3107650876045227,0.1696346998214721,1
conflict_temp_e64769e2_df6db38e,temporal_transformation,conflict,relsim,0.8994426131248474,0.3022983074188232,0.5971443057060242,1
conflict_temp_e64769e2_df6db38e,temporal_transformation,conflict,CLIP,0.506690502166748,0.5969027280807495,-0.0902122259140014,0
conflict_temp_e64769e2_df6db38e,temporal_transformation,conflict,DINO,0.4803997874259949,0.1588095426559448,0.32159024477005,1
conflict_temp_f910f8cd_e63f6a21,temporal_transformation,conflict,relsim,0.0256970822811126,0.4021697044372558,-0.3764726221561432,0
conflict_temp_f910f8cd_e63f6a21,temporal_transformation,conflict,CLIP,0.5894491672515869,0.7582945227622986,-0.1688453555107116,0
conflict_temp_f910f8cd_e63f6a21,temporal_transformation,conflict,DINO,0.0558609142899513,0.5621981620788574,-0.5063372477889061,0
conflict_temp_e91c016d_f84e693f,temporal_transformation,conflict,relsim,0.2330016195774078,0.4278176724910736,-0.1948160529136657,0
conflict_temp_e91c016d_f84e693f,temporal_transformation,conflict,CLIP,0.5548396110534668,0.7447422742843628,-0.189902663230896,0
conflict_temp_e91c016d_f84e693f,temporal_transformation,conflict,DINO,0.0773582458496093,0.2156299352645874,-0.138271689414978,0
conflict_temp_e91c016d_f8ae57be,temporal_transformation,conflict,relsim,0.2330016195774078,0.314545214176178,-0.0815435945987701,0
conflict_temp_e91c016d_f8ae57be,temporal_transformation,conflict,CLIP,0.5548396110534668,0.7177281975746155,-0.1628885865211486,0
conflict_temp_e91c016d_f8ae57be,temporal_transformation,conflict,DINO,0.0773582458496093,0.1584359854459762,-0.0810777395963668,0
conflict_temp_e91c016d_ecf449c9,temporal_transformation,conflict,relsim,0.2330016195774078,0.3036861419677734,-0.0706845223903656,0
conflict_temp_e91c016d_ecf449c9,temporal_transformation,conflict,CLIP,0.5548396110534668,0.704647958278656,-0.1498083472251892,0
conflict_temp_e91c016d_ecf449c9,temporal_transformation,conflict,DINO,0.0773582458496093,0.183477982878685,-0.1061197370290756,0
conflict_temp_e0077c41_eb354b76,temporal_transformation,conflict,relsim,0.1526055335998535,-0.0009621307253837,0.1535676643252372,1
conflict_temp_e0077c41_eb354b76,temporal_transformation,conflict,CLIP,0.3332950472831726,0.5221261978149414,-0.1888311505317688,0
conflict_temp_e0077c41_eb354b76,temporal_transformation,conflict,DINO,0.0721632540225982,0.0794584900140762,-0.0072952359914779,0
conflict_temp_e0077c41_ea131676,temporal_transformation,conflict,relsim,0.1526055335998535,0.079488068819046,0.0731174647808075,1
conflict_temp_e0077c41_ea131676,temporal_transformation,conflict,CLIP,0.3332950472831726,0.5006685853004456,-0.1673735380172729,0
conflict_temp_e0077c41_ea131676,temporal_transformation,conflict,DINO,0.0721632540225982,0.1426425278186798,-0.0704792737960815,0
conflict_temp_f37aebc5_e2840d4f,temporal_transformation,conflict,relsim,0.3296961784362793,0.2735643088817596,0.0561318695545196,1
conflict_temp_f37aebc5_e2840d4f,temporal_transformation,conflict,CLIP,0.5448060035705566,0.7422710061073303,-0.1974650025367736,0
conflict_temp_f37aebc5_e2840d4f,temporal_transformation,conflict,DINO,0.1401580423116684,0.2566893994808197,-0.1165313571691513,0
conflict_temp_f37aebc5_e1644c03,temporal_transformation,conflict,relsim,0.3296961784362793,0.215556800365448,0.1141393780708313,1
conflict_temp_f37aebc5_e1644c03,temporal_transformation,conflict,CLIP,0.5448060035705566,0.737775981426239,-0.1929699778556823,0
conflict_temp_f37aebc5_e1644c03,temporal_transformation,conflict,DINO,0.1401580423116684,0.1450369954109192,-0.0048789530992507,0
conflict_temp_fd170b47_f84e693f,temporal_transformation,conflict,relsim,0.1349533796310424,0.3777960538864136,-0.2428426742553711,0
conflict_temp_fd170b47_f84e693f,temporal_transformation,conflict,CLIP,0.3802198469638824,0.8333130478858948,-0.4530932009220123,0
conflict_temp_fd170b47_f84e693f,temporal_transformation,conflict,DINO,-0.016037855297327,0.3052168488502502,-0.3212547041475773,0
conflict_temp_fd170b47_ef99b0d4,temporal_transformation,conflict,relsim,0.1349533796310424,0.7212883234024048,-0.5863349437713623,0
conflict_temp_fd170b47_ef99b0d4,temporal_transformation,conflict,CLIP,0.3802198469638824,0.7983903884887695,-0.4181705415248871,0
conflict_temp_fd170b47_ef99b0d4,temporal_transformation,conflict,DINO,-0.016037855297327,0.32399982213974,-0.340037677437067,0
conflict_temp_ea7b1312_e9b34df4,temporal_transformation,conflict,relsim,0.2750566005706787,0.2507205009460449,0.0243360996246337,1
conflict_temp_ea7b1312_e9b34df4,temporal_transformation,conflict,CLIP,0.3533529341220855,0.6025111675262451,-0.2491582334041595,0
conflict_temp_ea7b1312_e9b34df4,temporal_transformation,conflict,DINO,0.0480914488434791,0.2419737577438354,-0.1938823089003563,0
conflict_temp_ea7b1312_f104ebeb,temporal_transformation,conflict,relsim,0.2750566005706787,0.151615023612976,0.1234415769577026,1
conflict_temp_ea7b1312_f104ebeb,temporal_transformation,conflict,CLIP,0.3533529341220855,0.5715222358703613,-0.2181693017482757,0
conflict_temp_ea7b1312_f104ebeb,temporal_transformation,conflict,DINO,0.0480914488434791,0.2135708779096603,-0.1654794290661811,0
conflict_temp_ea142066_fe4867b5,temporal_transformation,conflict,relsim,0.3237184584140777,0.4743930995464325,-0.1506746411323547,0
conflict_temp_ea142066_fe4867b5,temporal_transformation,conflict,CLIP,0.352112352848053,0.6552760004997253,-0.3031636476516723,0
conflict_temp_ea142066_fe4867b5,temporal_transformation,conflict,DINO,0.045935645699501,0.1641665697097778,-0.1182309240102768,0
conflict_temp_ea142066_e995bf12,temporal_transformation,conflict,relsim,0.3237184584140777,0.289964348077774,0.0337541103363037,1
conflict_temp_ea142066_e995bf12,temporal_transformation,conflict,CLIP,0.352112352848053,0.6366936564445496,-0.2845813035964966,0
conflict_temp_ea142066_e995bf12,temporal_transformation,conflict,DINO,0.045935645699501,0.0930274277925491,-0.047091782093048,0
conflict_comp_df567ccf_ef99b0d4,compositional_formation,conflict,relsim,0.8706773519515991,0.3737384676933288,0.4969388842582702,1
conflict_comp_df567ccf_ef99b0d4,compositional_formation,conflict,CLIP,0.7386366128921509,0.7469529509544373,-0.0083163380622863,0
conflict_comp_df567ccf_ef99b0d4,compositional_formation,conflict,DINO,0.1398078501224517,0.0628344565629959,0.0769733935594558,1
conflict_temp_eeb47991_e699eb5f,temporal_transformation,conflict,relsim,0.1391516476869583,0.0476260259747505,0.0915256217122078,1
conflict_temp_eeb47991_e699eb5f,temporal_transformation,conflict,CLIP,0.7327858209609985,0.7761447429656982,-0.0433589220046997,0
conflict_temp_eeb47991_e699eb5f,temporal_transformation,conflict,DINO,0.0770987868309021,0.2112088054418563,-0.1341100186109542,0
conflict_comp_f54e3fef_ef99b0d4,compositional_formation,conflict,relsim,0.5030165910720825,0.3938221335411072,0.1091944575309753,1
conflict_comp_f54e3fef_ef99b0d4,compositional_formation,conflict,CLIP,0.6526436805725098,0.8473719358444214,-0.1947282552719116,0
conflict_comp_f54e3fef_ef99b0d4,compositional_formation,conflict,DINO,0.0546196699142456,0.0218176320195198,0.0328020378947258,1
conflict_comp_f54e3fef_f66447c3,compositional_formation,conflict,relsim,0.5030165910720825,0.6908644437789917,-0.1878478527069091,0
conflict_comp_f54e3fef_f66447c3,compositional_formation,conflict,CLIP,0.6526436805725098,0.7858296632766724,-0.1331859827041626,0
conflict_comp_f54e3fef_f66447c3,compositional_formation,conflict,DINO,0.0546196699142456,-0.0100085334852337,0.0646282033994793,1
conflict_comp_f54e3fef_f8612290,compositional_formation,conflict,relsim,0.5030165910720825,0.3562257885932922,0.1467908024787902,1
conflict_comp_f54e3fef_f8612290,compositional_formation,conflict,CLIP,0.6526436805725098,0.7793641090393066,-0.1267204284667968,0
conflict_comp_f54e3fef_f8612290,compositional_formation,conflict,DINO,0.0546196699142456,-0.0131425540894269,0.0677622240036726,1
conflict_temp_fed9fc9f_ff288b61,temporal_transformation,conflict,relsim,0.3824224472045898,0.3964967131614685,-0.0140742659568786,0
conflict_temp_fed9fc9f_ff288b61,temporal_transformation,conflict,CLIP,0.4889881610870361,0.6525338888168335,-0.1635457277297973,0
conflict_temp_fed9fc9f_ff288b61,temporal_transformation,conflict,DINO,0.0413330532610416,0.1329198181629181,-0.0915867649018764,0
conflict_temp_fec41d2a_f31f59ef,temporal_transformation,conflict,relsim,0.0871118232607841,0.0276909917593002,0.0594208315014839,1
conflict_temp_fec41d2a_f31f59ef,temporal_transformation,conflict,CLIP,0.3485283851623535,0.635735034942627,-0.2872066497802734,0
conflict_temp_fec41d2a_f31f59ef,temporal_transformation,conflict,DINO,0.0276261717081069,0.4920671880245209,-0.4644410163164139,0
conflict_temp_fec41d2a_f9a513c1,temporal_transformation,conflict,relsim,0.0871118232607841,0.3477312624454498,-0.2606194391846657,0
conflict_temp_fec41d2a_f9a513c1,temporal_transformation,conflict,CLIP,0.3485283851623535,0.5976675748825073,-0.2491391897201538,0
conflict_temp_fec41d2a_f9a513c1,temporal_transformation,conflict,DINO,0.0276261717081069,0.2471560537815094,-0.2195298820734024,0
conflict_temp_e662ccd0_e9059a0f,temporal_transformation,conflict,relsim,0.2992056608200073,0.7670150995254517,-0.4678094387054443,0
conflict_temp_e662ccd0_e9059a0f,temporal_transformation,conflict,CLIP,0.6028282046318054,0.6518412828445435,-0.049013078212738,0
conflict_temp_e662ccd0_e9059a0f,temporal_transformation,conflict,DINO,0.023262433707714,0.2454037517309188,-0.2221413180232048,0
control_e418b963,attribute_priority_control,control,relsim,0.7080304622650146,0.4751608073711395,0.23286965489387512,1
control_e418b963,attribute_priority_control,control,CLIP,0.7946122288703918,0.639625608921051,0.15498661994934082,1
control_e418b963,attribute_priority_control,control,DINO,0.27425873279571533,0.026347525417804718,0.24791120737791061,1
control_e637fa2e,attribute_priority_control,control,relsim,0.974555253982544,-0.16816040873527527,1.1427156627178192,1
control_e637fa2e,attribute_priority_control,control,CLIP,0.8612887859344482,0.49824124574661255,0.3630475401878357,1
control_e637fa2e,attribute_priority_control,control,DINO,0.5739630460739136,0.028024856001138687,0.5459381900727749,1
control_f436407c,attribute_priority_control,control,relsim,0.36667853593826294,-0.09276272356510162,0.45944125950336456,1
control_f436407c,attribute_priority_control,control,CLIP,0.7380197048187256,0.5287384390830994,0.20928126573562622,1
control_f436407c,attribute_priority_control,control,DINO,0.25485941767692566,0.08447150886058807,0.17038790881633759,1
control_f1ce1051,attribute_priority_control,control,relsim,0.1375596523284912,0.015540068037807941,0.12201958429068327,1
control_f1ce1051,attribute_priority_control,control,CLIP,0.7930684685707092,0.5667913556098938,0.22627711296081543,1
control_f1ce1051,attribute_priority_control,control,DINO,0.16270551085472107,0.02206595614552498,0.1406395547091961,1
control_f31f59ef,attribute_priority_control,control,relsim,0.7456648349761963,-0.23379415273666382,0.9794589877128601,1
control_f31f59ef,attribute_priority_control,control,CLIP,0.7872377038002014,0.48964524269104004,0.2975924611091614,1
control_f31f59ef,attribute_priority_control,control,DINO,0.026777997612953186,0.05488529056310654,-0.02810729295015335,0
control_fc243ea7,attribute_priority_control,control,relsim,0.22797654569149017,-0.01304340735077858,0.24101995304226875,1
control_fc243ea7,attribute_priority_control,control,CLIP,0.7077864408493042,0.48515644669532776,0.22262999415397644,1
control_fc243ea7,attribute_priority_control,control,DINO,0.037514328956604004,0.008067887276411057,0.029446441680192947,1
control_e49bf7c1,attribute_priority_control,control,relsim,0.07601290196180344,0.21573233604431152,-0.1397194340825081,0
control_e49bf7c1,attribute_priority_control,control,CLIP,0.6982757449150085,0.5401759743690491,0.15809977054595947,1
control_e49bf7c1,attribute_priority_control,control,DINO,0.1328422725200653,0.07675915211439133,0.05608312040567398,1
control_fbea11b3,attribute_priority_control,control,relsim,0.2995508015155792,-0.052133455872535706,0.35168425738811493,1
control_fbea11b3,attribute_priority_control,control,CLIP,0.7511433362960815,0.4097529947757721,0.34139034152030945,1
control_fbea11b3,attribute_priority_control,control,DINO,0.2222268283367157,0.042316220700740814,0.17991060763597488,1
control_e1e25461,attribute_priority_control,control,relsim,0.40501731634140015,0.046400852501392365,0.3586164638400078,1
control_e1e25461,attribute_priority_control,control,CLIP,0.768767237663269,0.4802458882331848,0.28852134943008423,1
control_e1e25461,attribute_priority_control,control,DINO,0.20160779356956482,0.059272538870573044,0.14233525469899178,1
control_eab8d357,attribute_priority_control,control,relsim,0.7297040224075317,0.03136459365487099,0.6983394287526608,1
control_eab8d357,attribute_priority_control,control,CLIP,0.7553267478942871,0.3817095458507538,0.3736172020435333,1
control_eab8d357,attribute_priority_control,control,DINO,0.3761957287788391,0.05163920670747757,0.32455652207136154,1
control_e3033baf,attribute_priority_control,control,relsim,0.3048042953014374,-0.07961730659008026,0.38442160189151764,1
control_e3033baf,attribute_priority_control,control,CLIP,0.5903005599975586,0.4182726740837097,0.17202788591384888,1
control_e3033baf,attribute_priority_control,control,DINO,0.23613612353801727,0.03148897737264633,0.20464714616537094,1
control_f6126f04,attribute_priority_control,control,relsim,0.28633245825767517,-0.18796023726463318,0.47429269552230835,1
control_f6126f04,attribute_priority_control,control,CLIP,0.7767051458358765,0.4772288501262665,0.29947629570961,1
control_f6126f04,attribute_priority_control,control,DINO,0.28312402963638306,-0.012334845960140228,0.2954588755965233,1
control_fee90351,attribute_priority_control,control,relsim,0.37437281012535095,-0.19529065489768982,0.5696634650230408,1
control_fee90351,attribute_priority_control,control,CLIP,0.5645195245742798,0.40927332639694214,0.15524619817733765,1
control_fee90351,attribute_priority_control,control,DINO,0.03113238327205181,0.019555337727069855,0.011577045544981956,1
control_e3487f2c,attribute_priority_control,control,relsim,0.37302151322364807,0.4760779142379761,-0.103056401014328,0
control_e3487f2c,attribute_priority_control,control,CLIP,0.7398017048835754,0.5507704615592957,0.18903124332427979,1
control_e3487f2c,attribute_priority_control,control,DINO,0.12900158762931824,-0.010397644713521004,0.13939923234283924,1
control_f93304d0,attribute_priority_control,control,relsim,0.3009452521800995,-0.08505566418170929,0.3860009163618088,1
control_f93304d0,attribute_priority_control,control,CLIP,0.7973618507385254,0.4199848771095276,0.3773769736289978,1
control_f93304d0,attribute_priority_control,control,DINO,0.5943249464035034,0.02883906103670597,0.5654858853667974,1
aligned_temp_ebd67189_ec08493b,temporal_transformation,aligned,relsim,0.3362155556678772,-0.11393870413303375,0.45015425980091095,1
aligned_temp_ebd67189_ec08493b,temporal_transformation,aligned,CLIP,0.62497878074646,0.44634222984313965,0.1786365509033203,1
aligned_temp_ebd67189_ec08493b,temporal_transformation,aligned,DINO,0.12001579999923706,-0.030447596684098244,0.1504633966833353,1
aligned_temp_e69ba9d3_ee75ff67,temporal_transformation,aligned,relsim,0.9291262626647949,-0.03210292011499405,0.961229182779789,1
aligned_temp_e69ba9d3_ee75ff67,temporal_transformation,aligned,CLIP,0.9373580813407898,0.44970327615737915,0.48765480518341064,1
aligned_temp_e69ba9d3_ee75ff67,temporal_transformation,aligned,DINO,0.5664653778076172,0.04194502905011177,0.5245203487575054,1
aligned_temp_ec08493b_ed83ebbc,temporal_transformation,aligned,relsim,0.44360998272895813,0.04418003186583519,0.39942995086312294,1
aligned_temp_ec08493b_ed83ebbc,temporal_transformation,aligned,CLIP,0.6667810678482056,0.5160448551177979,0.15073621273040771,1
aligned_temp_ec08493b_ed83ebbc,temporal_transformation,aligned,DINO,0.40888577699661255,0.06559118628501892,0.34329459071159363,1
aligned_temp_e91c016d_f66cdd77,temporal_transformation,aligned,relsim,0.7366048097610474,-0.16606026887893677,0.9026650786399841,1
aligned_temp_e91c016d_f66cdd77,temporal_transformation,aligned,CLIP,0.7452819347381592,0.49589043855667114,0.24939149618148804,1
aligned_temp_e91c016d_f66cdd77,temporal_transformation,aligned,DINO,0.35818442702293396,0.031980421394109726,0.32620400562882423,1
aligned_temp_e91c016d_eba89b0d,temporal_transformation,aligned,relsim,0.8849376440048218,-0.11969203501939774,1.0046296790242195,1
aligned_temp_e91c016d_eba89b0d,temporal_transformation,aligned,CLIP,0.695663332939148,0.38137874007225037,0.3142845928668976,1
aligned_temp_e91c016d_eba89b0d,temporal_transformation,aligned,DINO,0.1719202995300293,0.0308514554053545,0.1410688441246748,1
aligned_temp_f37aebc5_fccb4072,temporal_transformation,aligned,relsim,0.9813030362129211,0.030641013756394386,0.9506620224565268,1
aligned_temp_f37aebc5_fccb4072,temporal_transformation,aligned,CLIP,0.7283676862716675,0.6995735764503479,0.02879410982131958,1
aligned_temp_f37aebc5_fccb4072,temporal_transformation,aligned,DINO,0.5846120119094849,0.030240608379244804,0.5543714035302401,1
aligned_temp_e2b56cd0_ea142066,temporal_transformation,aligned,relsim,0.9309487342834473,-0.08852827548980713,1.0194770097732544,1
aligned_temp_e2b56cd0_ea142066,temporal_transformation,aligned,CLIP,0.6841988563537598,0.3762229084968567,0.3079759478569031,1
aligned_temp_e2b56cd0_ea142066,temporal_transformation,aligned,DINO,0.2828713059425354,0.026165921241044998,0.2567053847014904,1
aligned_temp_e64769e2_ecaa7d8a,temporal_transformation,aligned,relsim,0.6948235034942627,0.02575026825070381,0.6690732352435589,1
aligned_temp_e64769e2_ecaa7d8a,temporal_transformation,aligned,CLIP,0.6894749402999878,0.3827196955680847,0.3067552447319031,1
aligned_temp_e64769e2_ecaa7d8a,temporal_transformation,aligned,DINO,0.45883554220199585,0.009714772924780846,0.449120769277215,1
aligned_temp_e64769e2_fc2bf3aa,temporal_transformation,aligned,relsim,0.6108154058456421,0.3819403052330017,0.22887510061264038,1
aligned_temp_e64769e2_fc2bf3aa,temporal_transformation,aligned,CLIP,0.50432288646698,0.6547918319702148,-0.15046894550323486,0
aligned_temp_e64769e2_fc2bf3aa,temporal_transformation,aligned,DINO,0.27656838297843933,0.3107650876045227,-0.034196704626083374,0
aligned_temp_ea7b1312_f13b2aeb,temporal_transformation,aligned,relsim,0.560253381729126,0.1924629509449005,0.36779043078422546,1
aligned_temp_ea7b1312_f13b2aeb,temporal_transformation,aligned,CLIP,0.47824108600616455,0.40180668234825134,0.07643440365791321,1
aligned_temp_ea7b1312_f13b2aeb,temporal_transformation,aligned,DINO,0.17302663624286652,-0.017675986513495445,0.19070262275636196,1
aligned_temp_eeb47991_f66cdd77,temporal_transformation,aligned,relsim,0.9449021816253662,0.1195627897977829,0.8253393918275833,1
aligned_temp_eeb47991_f66cdd77,temporal_transformation,aligned,CLIP,0.7843700051307678,0.6049231886863708,0.17944681644439697,1
aligned_temp_eeb47991_f66cdd77,temporal_transformation,aligned,DINO,0.26293614506721497,0.17045490443706512,0.09248124063014984,1
aligned_temp_dfaea76f_e662ccd0,temporal_transformation,aligned,relsim,0.464046835899353,-0.07553136348724365,0.5395781993865967,1
aligned_temp_dfaea76f_e662ccd0,temporal_transformation,aligned,CLIP,0.5768698453903198,0.45138832926750183,0.125481516122818,1
aligned_temp_dfaea76f_e662ccd0,temporal_transformation,aligned,DINO,0.08471982926130295,-0.03216816484928131,0.11688799411058426,1
aligned_temp_f6875b4a_ff79f005,temporal_transformation,aligned,relsim,0.5113372206687927,-0.032139018177986145,0.5434762388467789,1
aligned_temp_f6875b4a_ff79f005,temporal_transformation,aligned,CLIP,0.647114098072052,0.47990912199020386,0.16720497608184814,1
aligned_temp_f6875b4a_ff79f005,temporal_transformation,aligned,DINO,0.19459804892539978,0.0888463705778122,0.10575167834758759,1
aligned_temp_f0e49274_f6875b4a,temporal_transformation,aligned,relsim,0.5449591875076294,0.1762634515762329,0.3686957359313965,1
aligned_temp_f0e49274_f6875b4a,temporal_transformation,aligned,CLIP,0.6368111968040466,0.4724758565425873,0.16433534026145935,1
aligned_temp_f0e49274_f6875b4a,temporal_transformation,aligned,DINO,0.16127993166446686,0.0010675545781850815,0.16021237708628178,1
aligned_temp_fe49aaa6_ff79f005,temporal_transformation,aligned,relsim,0.9773887395858765,-0.10024087131023407,1.0776296108961105,1
aligned_temp_fe49aaa6_ff79f005,temporal_transformation,aligned,CLIP,0.8128646016120911,0.5596668720245361,0.25319772958755493,1
aligned_temp_fe49aaa6_ff79f005,temporal_transformation,aligned,DINO,0.39823195338249207,0.014282488264143467,0.3839494651183486,1
aligned_temp_f0e49274_fe49aaa6,temporal_transformation,aligned,relsim,0.9622615575790405,0.09539338946342468,0.8668681681156158,1
aligned_temp_f0e49274_fe49aaa6,temporal_transformation,aligned,CLIP,0.7018753290176392,0.6155738234519958,0.08630150556564331,1
aligned_temp_f0e49274_fe49aaa6,temporal_transformation,aligned,DINO,0.1398864984512329,0.06450184434652328,0.07538465410470963,1
aligned_temp_f6875b4a_fe49aaa6,temporal_transformation,aligned,relsim,0.4767407476902008,0.06656572967767715,0.41017501801252365,1
aligned_temp_f6875b4a_fe49aaa6,temporal_transformation,aligned,CLIP,0.5833624601364136,0.5585730075836182,0.02478945255279541,1
aligned_temp_f6875b4a_fe49aaa6,temporal_transformation,aligned,DINO,0.15638862550258636,0.04426751285791397,0.1121211126446724,1
aligned_temp_df3d12e5_f13b2aeb,temporal_transformation,aligned,relsim,0.726944625377655,-0.16978368163108826,0.8967283070087433,1
aligned_temp_df3d12e5_f13b2aeb,temporal_transformation,aligned,CLIP,0.731204628944397,0.42769065499305725,0.3035139739513397,1
aligned_temp_df3d12e5_f13b2aeb,temporal_transformation,aligned,DINO,0.5137208700180054,0.04000099375844002,0.47371987625956535,1
aligned_temp_df060e26_df3d12e5,temporal_transformation,aligned,relsim,0.46926382184028625,0.16300609707832336,0.3062577247619629,1
aligned_temp_df060e26_df3d12e5,temporal_transformation,aligned,CLIP,0.5806291103363037,0.5197604298591614,0.060868680477142334,1
aligned_temp_df060e26_df3d12e5,temporal_transformation,aligned,DINO,0.32250332832336426,0.03531216084957123,0.28719116747379303,1
aligned_temp_df3d12e5_fd170b47,temporal_transformation,aligned,relsim,0.14078252017498016,-0.05925095081329346,0.20003347098827362,1
aligned_temp_df3d12e5_fd170b47,temporal_transformation,aligned,CLIP,0.5302125811576843,0.49155116081237793,0.038661420345306396,1
aligned_temp_df3d12e5_fd170b47,temporal_transformation,aligned,DINO,0.1838771402835846,0.10635398328304291,0.07752315700054169,1
aligned_temp_f0e49274_ff79f005,temporal_transformation,aligned,relsim,0.9719023704528809,0.021319055929780006,0.9505833145231009,1
aligned_temp_f0e49274_ff79f005,temporal_transformation,aligned,CLIP,0.7577348947525024,0.5796999931335449,0.17803490161895752,1
aligned_temp_f0e49274_ff79f005,temporal_transformation,aligned,DINO,0.17062343657016754,0.06757450103759766,0.10304893553256989,1
aligned_temp_eba89b0d_f66cdd77,temporal_transformation,aligned,relsim,0.7626346349716187,-0.13494472205638885,0.8975793570280075,1
aligned_temp_eba89b0d_f66cdd77,temporal_transformation,aligned,CLIP,0.6188474297523499,0.40798455476760864,0.2108628749847412,1
aligned_temp_eba89b0d_f66cdd77,temporal_transformation,aligned,DINO,0.529689610004425,0.011175630614161491,0.5185139793902636,1
aligned_temp_e662ccd0_ecaa7d8a,temporal_transformation,aligned,relsim,0.6073871850967407,-0.08534960448741913,0.6927367895841599,1
aligned_temp_e662ccd0_ecaa7d8a,temporal_transformation,aligned,CLIP,0.4983016550540924,0.46910926699638367,0.02919238805770874,1
aligned_temp_e662ccd0_ecaa7d8a,temporal_transformation,aligned,DINO,0.3436198830604553,-0.011384451761841774,0.3550043348222971,1
aligned_temp_e662ccd0_fc2bf3aa,temporal_transformation,aligned,relsim,0.5160870552062988,0.3027590215206146,0.2133280336856842,1
aligned_temp_e662ccd0_fc2bf3aa,temporal_transformation,aligned,CLIP,0.523279070854187,0.5950307846069336,-0.07175171375274658,0
aligned_temp_e662ccd0_fc2bf3aa,temporal_transformation,aligned,DINO,0.3187505602836609,0.14845581352710724,0.17029474675655365,1
aligned_comp_e2c54863_f3c9463a,compositional_formation,aligned,relsim,0.25697779655456543,-0.11129073798656464,0.36826853454113007,1
aligned_comp_e2c54863_f3c9463a,compositional_formation,aligned,CLIP,0.7099961638450623,0.6021130681037903,0.10788309574127197,1
aligned_comp_e2c54863_f3c9463a,compositional_formation,aligned,DINO,0.34422770142555237,0.02479546144604683,0.31943223997950554,1
aligned_comp_ece780da_f9575588,compositional_formation,aligned,relsim,0.46727705001831055,-0.01144295185804367,0.4787200018763542,1
aligned_comp_ece780da_f9575588,compositional_formation,aligned,CLIP,0.6586679816246033,0.5615038275718689,0.09716415405273438,1
aligned_comp_ece780da_f9575588,compositional_formation,aligned,DINO,0.15113621950149536,0.026720505207777023,0.12441571429371834,1
aligned_comp_ed7babd2_f54e3fef,compositional_formation,aligned,relsim,0.6277892589569092,-0.08414866030216217,0.7119379192590714,1
aligned_comp_ed7babd2_f54e3fef,compositional_formation,aligned,CLIP,0.727706253528595,0.5496644377708435,0.17804181575775146,1
aligned_comp_ed7babd2_f54e3fef,compositional_formation,aligned,DINO,0.06491882354021072,0.00041660992428660393,0.06450221361592412,1
aligned_comp_df567ccf_ed7babd2,compositional_formation,aligned,relsim,0.622276246547699,0.23638691008090973,0.38588933646678925,1
aligned_comp_df567ccf_ed7babd2,compositional_formation,aligned,CLIP,0.6579151153564453,0.6106744408607483,0.04724067449569702,1
aligned_comp_df567ccf_ed7babd2,compositional_formation,aligned,DINO,-0.002981625497341156,0.10366322845220566,-0.10664485394954681,0
aligned_comp_e602b6e9_f7a29de9,compositional_formation,aligned,relsim,0.6324275135993958,0.11826066672801971,0.514166846871376,1
aligned_comp_e602b6e9_f7a29de9,compositional_formation,aligned,CLIP,0.6150160431861877,0.41093364357948303,0.2040823996067047,1
aligned_comp_e602b6e9_f7a29de9,compositional_formation,aligned,DINO,0.1590513288974762,-0.07532921433448792,0.2343805432319641,1
aligned_comp_e602b6e9_e8827721,compositional_formation,aligned,relsim,0.8306320905685425,-0.028216734528541565,0.858848825097084,1
aligned_comp_e602b6e9_e8827721,compositional_formation,aligned,CLIP,0.5815978646278381,0.44946086406707764,0.1321370005607605,1
aligned_comp_e602b6e9_e8827721,compositional_formation,aligned,DINO,0.13098229467868805,0.05506668984889984,0.07591560482978821,1
aligned_comp_e2c54863_e7c44a40,compositional_formation,aligned,relsim,0.8036896586418152,0.04130937159061432,0.7623802870512009,1
aligned_comp_e2c54863_e7c44a40,compositional_formation,aligned,CLIP,0.7370531558990479,0.5193556547164917,0.21769750118255615,1
aligned_comp_e2c54863_e7c44a40,compositional_formation,aligned,DINO,0.34568139910697937,0.04346641153097153,0.30221498757600784,1
aligned_comp_ece780da_f7a29de9,compositional_formation,aligned,relsim,0.7454748749732971,0.25391334295272827,0.49156153202056885,1
aligned_comp_ece780da_f7a29de9,compositional_formation,aligned,CLIP,0.7725872993469238,0.5280347466468811,0.24455255270004272,1
aligned_comp_ece780da_f7a29de9,compositional_formation,aligned,DINO,0.3593772053718567,-0.0259153600782156,0.3852925654500723,1
aligned_comp_e8827721_ece780da,compositional_formation,aligned,relsim,0.5284861326217651,0.059169549494981766,0.46931658312678337,1
aligned_comp_e8827721_ece780da,compositional_formation,aligned,CLIP,0.7649953961372375,0.5976531505584717,0.16734224557876587,1
aligned_comp_e8827721_ece780da,compositional_formation,aligned,DINO,0.4980924129486084,0.19709885120391846,0.30099356174468994,1
aligned_comp_df567ccf_fc243ea7,compositional_formation,aligned,relsim,0.8321532607078552,0.12303410470485687,0.7091191560029984,1
aligned_comp_df567ccf_fc243ea7,compositional_formation,aligned,CLIP,0.6419883966445923,0.6179041266441345,0.024084270000457764,1
aligned_comp_df567ccf_fc243ea7,compositional_formation,aligned,DINO,-0.008136492222547531,0.02401922084391117,-0.0321557130664587,0
aligned_comp_f54e3fef_fc243ea7,compositional_formation,aligned,relsim,0.7028405666351318,-0.04563986510038376,0.7484804317355156,1
aligned_comp_f54e3fef_fc243ea7,compositional_formation,aligned,CLIP,0.631973147392273,0.5799054503440857,0.052067697048187256,1
aligned_comp_f54e3fef_fc243ea7,compositional_formation,aligned,DINO,0.03161797672510147,0.0006267279386520386,0.030991248786449432,1
aligned_comp_e255b2c5_fc243ea7,compositional_formation,aligned,relsim,0.6752734780311584,-0.06691376864910126,0.7421872466802597,1
aligned_comp_e255b2c5_fc243ea7,compositional_formation,aligned,CLIP,0.5828329920768738,0.471924364566803,0.1109086275100708,1
aligned_comp_e255b2c5_fc243ea7,compositional_formation,aligned,DINO,-0.0028549320995807648,-0.0032355468720197678,0.000380614772439003,1
aligned_comp_e439da05_f8cf828c,compositional_formation,aligned,relsim,0.5145772695541382,0.020899523049592972,0.4936777465045452,1
aligned_comp_e439da05_f8cf828c,compositional_formation,aligned,CLIP,0.62563157081604,0.6422765851020813,-0.01664501428604126,0
aligned_comp_e439da05_f8cf828c,compositional_formation,aligned,DINO,0.2048322856426239,-0.02429143339395523,0.22912371903657913,1
aligned_comp_e9f11059_ed3d84c8,compositional_formation,aligned,relsim,0.6498420238494873,0.1716804951429367,0.4781615287065506,1
aligned_comp_e9f11059_ed3d84c8,compositional_formation,aligned,CLIP,0.7224189639091492,0.6561614274978638,0.0662575364112854,1
aligned_comp_e9f11059_ed3d84c8,compositional_formation,aligned,DINO,0.13228382170200348,0.056928858160972595,0.07535496354103088,1
aligned_comp_e8827721_ff94486f,compositional_formation,aligned,relsim,0.15576858818531036,-0.06244416907429695,0.21821275725960732,1
aligned_comp_e8827721_ff94486f,compositional_formation,aligned,CLIP,0.6166410446166992,0.49761301279067993,0.11902803182601929,1
aligned_comp_e8827721_ff94486f,compositional_formation,aligned,DINO,0.1570412516593933,0.04313533008098602,0.11390592157840729,1
aligned_comp_f9575588_ff94486f,compositional_formation,aligned,relsim,0.17045331001281738,-0.05470843240618706,0.22516174241900444,1
aligned_comp_f9575588_ff94486f,compositional_formation,aligned,CLIP,0.5785623788833618,0.4056250751018524,0.1729373037815094,1
aligned_comp_f9575588_ff94486f,compositional_formation,aligned,DINO,0.05131271481513977,-0.049848053604364395,0.10116076841950417,1
aligned_comp_f7a29de9_ff94486f,compositional_formation,aligned,relsim,0.10848882794380188,0.3650411367416382,-0.2565523087978363,0
aligned_comp_f7a29de9_ff94486f,compositional_formation,aligned,CLIP,0.5744408369064331,0.6699653267860413,-0.09552448987960815,0
aligned_comp_f7a29de9_ff94486f,compositional_formation,aligned,DINO,0.09346968680620193,0.07969591021537781,0.013773776590824127,1
aligned_comp_ece780da_ff94486f,compositional_formation,aligned,relsim,-0.041577816009521484,0.027346862480044365,-0.06892467848956585,0
aligned_comp_ece780da_ff94486f,compositional_formation,aligned,CLIP,0.5722264051437378,0.5257771015167236,0.04644930362701416,1
aligned_comp_ece780da_ff94486f,compositional_formation,aligned,DINO,0.009201820939779282,0.03583364933729172,-0.026631828397512436,0
aligned_comp_e8fc52ca_ec46ab4c,compositional_formation,aligned,relsim,0.5569969415664673,0.059753358364105225,0.49724358320236206,1
aligned_comp_e8fc52ca_ec46ab4c,compositional_formation,aligned,CLIP,0.41988539695739746,0.5120412111282349,-0.0921558141708374,0
aligned_comp_e8fc52ca_ec46ab4c,compositional_formation,aligned,DINO,0.20297640562057495,0.0412122942507267,0.16176411136984825,1
aligned_comp_e8827721_f7a29de9,compositional_formation,aligned,relsim,0.8502548336982727,0.19182606041431427,0.6584287732839584,1
aligned_comp_e8827721_f7a29de9,compositional_formation,aligned,CLIP,0.7344648838043213,0.5562807321548462,0.1781841516494751,1
aligned_comp_e8827721_f7a29de9,compositional_formation,aligned,DINO,0.40975961089134216,0.05671865493059158,0.3530409559607506,1
conflict_comp_f7a829fa_fbef00d0,compositional_formation,conflict,relsim,0.16074779629707336,0.27617859840393066,-0.1154308021068573,0
conflict_comp_f7a829fa_fbef00d0,compositional_formation,conflict,CLIP,0.5782911777496338,0.7378631830215454,-0.15957200527191162,0
conflict_comp_f7a829fa_fbef00d0,compositional_formation,conflict,DINO,-0.007332169450819492,0.044638387858867645,-0.05197055730968714,0
conflict_comp_f9575588_e7edc491,compositional_formation,conflict,relsim,0.289242148399353,0.5687157511711121,-0.27947360277175903,0
conflict_comp_f9575588_e7edc491,compositional_formation,conflict,CLIP,0.4736799895763397,0.6971154808998108,-0.22343549132347107,0
conflict_comp_f9575588_e7edc491,compositional_formation,conflict,DINO,-0.010852453298866749,0.01594574749469757,-0.02679820079356432,0
conflict_comp_ed4e5647_e6598661,compositional_formation,conflict,relsim,0.0773303285241127,0.635977566242218,-0.5586472377181053,0
conflict_comp_ed4e5647_e6598661,compositional_formation,conflict,CLIP,0.6503716111183167,0.8744515180587769,-0.2240799069404602,0
conflict_comp_ed4e5647_e6598661,compositional_formation,conflict,DINO,-0.03940493240952492,0.3107457756996155,-0.3501507081091404,0
conflict_comp_ed4e5647_f053de6f,compositional_formation,conflict,relsim,0.0773303285241127,0.2152339220046997,-0.137903593480587,0
conflict_comp_ed4e5647_f053de6f,compositional_formation,conflict,CLIP,0.6503716111183167,0.7783024311065674,-0.12793081998825073,0
conflict_comp_ed4e5647_f053de6f,compositional_formation,conflict,DINO,-0.03940493240952492,0.08683016896247864,-0.12623510137200356,0
conflict_comp_ed4e5647_f41ac4c9,compositional_formation,conflict,relsim,0.0773303285241127,0.41774529218673706,-0.34041496366262436,0
conflict_comp_ed4e5647_f41ac4c9,compositional_formation,conflict,CLIP,0.6503716111183167,0.774364173412323,-0.12399256229400635,0
conflict_comp_ed4e5647_f41ac4c9,compositional_formation,conflict,DINO,-0.03940493240952492,0.3736678659915924,-0.4130727984011173,0
conflict_comp_e255b2c5_f14eed62,compositional_formation,conflict,relsim,0.18824955821037292,0.2958172559738159,-0.107567697763443,0
conflict_comp_e255b2c5_f14eed62,compositional_formation,conflict,CLIP,0.6597260236740112,0.7345044016838074,-0.07477837800979614,0
conflict_comp_e255b2c5_f14eed62,compositional_formation,conflict,DINO,0.302101731300354,0.03828508034348488,0.2638166509568691,1
conflict_comp_f54e3fef_e6598661,compositional_formation,conflict,relsim,0.14564606547355652,0.597144365310669,-0.4514982998371124,0
conflict_comp_f54e3fef_e6598661,compositional_formation,conflict,CLIP,0.6507706642150879,0.8513805866241455,-0.20060992240905762,0
conflict_comp_f54e3fef_e6598661,compositional_formation,conflict,DINO,0.008425670675933361,0.06324538588523865,-0.054819715209305286,0
conflict_comp_f54e3fef_f14eed62,compositional_formation,conflict,relsim,0.14564606547355652,0.31625714898109436,-0.17061108350753784,0
conflict_comp_f54e3fef_f14eed62,compositional_formation,conflict,CLIP,0.6507706642150879,0.8288646340370178,-0.17809396982192993,0
conflict_comp_f54e3fef_f14eed62,compositional_formation,conflict,DINO,0.008425670675933361,-0.006515074521303177,0.014940745197236538,1
conflict_comp_f54e3fef_f053de6f,compositional_formation,conflict,relsim,0.14564606547355652,0.276164710521698,-0.13051864504814148,0
conflict_comp_f54e3fef_f053de6f,compositional_formation,conflict,CLIP,0.6507706642150879,0.7991877198219299,-0.14841705560684204,0
conflict_comp_f54e3fef_f053de6f,compositional_formation,conflict,DINO,0.008425670675933361,0.038264285773038864,-0.029838615097105503,0
conflict_comp_df567ccf_f14eed62,compositional_formation,conflict,relsim,0.10683103650808334,0.3318041265010834,-0.22497308999300003,0
conflict_comp_df567ccf_f14eed62,compositional_formation,conflict,CLIP,0.5058892965316772,0.7636368870735168,-0.2577475905418396,0
conflict_comp_df567ccf_f14eed62,compositional_formation,conflict,DINO,0.022620778530836105,0.0075322724878787994,0.015088506042957306,1
conflict_comp_df567ccf_e41101b8,compositional_formation,conflict,relsim,0.10683103650808334,0.6210121512413025,-0.5141811147332191,0
conflict_comp_df567ccf_e41101b8,compositional_formation,conflict,CLIP,0.5058892965316772,0.7625315189361572,-0.25664222240448,0
conflict_comp_df567ccf_e41101b8,compositional_formation,conflict,DINO,0.022620778530836105,0.05271408334374428,-0.030093304812908173,0
conflict_comp_df567ccf_e6598661,compositional_formation,conflict,relsim,0.10683103650808334,0.5748827457427979,-0.4680517092347145,0
conflict_comp_df567ccf_e6598661,compositional_formation,conflict,CLIP,0.5058892965316772,0.7593286037445068,-0.2534393072128296,0
conflict_comp_df567ccf_e6598661,compositional_formation,conflict,DINO,0.022620778530836105,0.043482691049575806,-0.0208619125187397,0
conflict_comp_df567ccf_fbef00d0,compositional_formation,conflict,relsim,0.10683103650808334,0.13609406352043152,-0.029263027012348175,0
conflict_comp_df567ccf_fbef00d0,compositional_formation,conflict,CLIP,0.5058892965316772,0.752043604850769,-0.2461543083190918,0
conflict_comp_df567ccf_fbef00d0,compositional_formation,conflict,DINO,0.022620778530836105,0.038759756833314896,-0.01613897830247879,0
conflict_comp_e602b6e9_f7834e45,compositional_formation,conflict,relsim,0.24434834718704224,0.5931166410446167,-0.34876829385757446,0
conflict_comp_e602b6e9_f7834e45,compositional_formation,conflict,CLIP,0.42105889320373535,0.6410215497016907,-0.21996265649795532,0
conflict_comp_e602b6e9_f7834e45,compositional_formation,conflict,DINO,0.05045673996210098,0.1351746767759323,-0.08471793681383133,0
conflict_comp_e439da05_ececb0e0,compositional_formation,conflict,relsim,0.07350664585828781,0.5653524398803711,-0.4918457940220833,0
conflict_comp_e439da05_ececb0e0,compositional_formation,conflict,CLIP,0.6997456550598145,0.818913459777832,-0.11916780471801758,0
conflict_comp_e439da05_ececb0e0,compositional_formation,conflict,DINO,0.2749813497066498,0.4514310359954834,-0.17644968628883362,0
conflict_comp_e2c54863_ed3c7c91,compositional_formation,conflict,relsim,0.07206287980079651,0.5001429319381714,-0.4280800521373749,0
conflict_comp_e2c54863_ed3c7c91,compositional_formation,conflict,CLIP,0.6377431154251099,0.7304002642631531,-0.09265714883804321,0
conflict_comp_e2c54863_ed3c7c91,compositional_formation,conflict,DINO,0.11258988082408905,0.3354969918727875,-0.22290711104869843,0
conflict_comp_ece780da_f1e0f426,compositional_formation,conflict,relsim,0.04705769941210747,0.31622380018234253,-0.26916610077023506,0
conflict_comp_ece780da_f1e0f426,compositional_formation,conflict,CLIP,0.6501576900482178,0.7582600116729736,-0.10810232162475586,0
conflict_comp_ece780da_f1e0f426,compositional_formation,conflict,DINO,0.17557471990585327,0.2620745301246643,-0.08649981021881104,0
conflict_comp_ece780da_f031e302,compositional_formation,conflict,relsim,0.04705769941210747,0.5813343524932861,-0.5342766530811787,0
conflict_comp_ece780da_f031e302,compositional_formation,conflict,CLIP,0.6501576900482178,0.7406855821609497,-0.09052789211273193,0
conflict_comp_ece780da_f031e302,compositional_formation,conflict,DINO,0.17557471990585327,0.36924928426742554,-0.19367456436157227,0
conflict_comp_ece780da_faf49f4a,compositional_formation,conflict,relsim,0.04705769941210747,-0.057905569672584534,0.104963269084692,1
conflict_comp_ece780da_faf49f4a,compositional_formation,conflict,CLIP,0.6501576900482178,0.7406636476516724,-0.09050595760345459,0
conflict_comp_ece780da_faf49f4a,compositional_formation,conflict,DINO,0.17557471990585327,0.13877201080322266,0.036802709102630615,1
conflict_comp_ebb54082_f8ae57be,compositional_formation,conflict,relsim,0.1263892650604248,0.3350333571434021,-0.2086440920829773,0
conflict_comp_ebb54082_f8ae57be,compositional_formation,conflict,CLIP,0.34117066860198975,0.7512431144714355,-0.4100724458694458,0
conflict_comp_ebb54082_f8ae57be,compositional_formation,conflict,DINO,0.03787451982498169,0.1752074956893921,-0.1373329758644104,0
conflict_comp_ebb54082_f39baa59,compositional_formation,conflict,relsim,0.1263892650604248,0.27814698219299316,-0.15175771713256836,0
conflict_comp_ebb54082_f39baa59,compositional_formation,conflict,CLIP,0.34117066860198975,0.7307134866714478,-0.389542818069458,0
conflict_comp_ebb54082_f39baa59,compositional_formation,conflict,DINO,0.03787451982498169,0.07302428781986237,-0.035149767994880676,0
conflict_comp_ef627e29_effa9ae0,compositional_formation,conflict,relsim,0.15411615371704102,0.03994863107800484,0.11416752263903618,1
conflict_comp_ef627e29_effa9ae0,compositional_formation,conflict,CLIP,0.5805437564849854,0.7227351665496826,-0.14219141006469727,0
conflict_comp_ef627e29_effa9ae0,compositional_formation,conflict,DINO,0.03684267774224281,0.11559955775737762,-0.07875688001513481,0
conflict_comp_ef627e29_e6598661,compositional_formation,conflict,relsim,0.15411615371704102,0.15358160436153412,0.000534549355506897,1
conflict_comp_ef627e29_e6598661,compositional_formation,conflict,CLIP,0.5805437564849854,0.7198943495750427,-0.13935059309005737,0
conflict_comp_ef627e29_e6598661,compositional_formation,conflict,DINO,0.03684267774224281,0.041368670761585236,-0.0045259930193424225,0
conflict_comp_e79ae119_fe7b6120,compositional_formation,conflict,relsim,0.18573734164237976,0.39163169264793396,-0.2058943510055542,0
conflict_comp_e79ae119_fe7b6120,compositional_formation,conflict,CLIP,0.5033660531044006,0.7026702761650085,-0.1993042230606079,0
conflict_comp_e79ae119_fe7b6120,compositional_formation,conflict,DINO,0.04464416950941086,0.09378769993782043,-0.049143530428409576,0
conflict_comp_e9bbae0e_f1e0f426,compositional_formation,conflict,relsim,0.1442348212003708,0.28554388880729675,-0.14130906760692596,0
conflict_comp_e9bbae0e_f1e0f426,compositional_formation,conflict,CLIP,0.5626980066299438,0.8068698048591614,-0.24417179822921753,0
conflict_comp_e9bbae0e_f1e0f426,compositional_formation,conflict,DINO,-0.0003488417714834213,0.16125546395778656,-0.16160430572926998,0
conflict_comp_e9bbae0e_f8ae57be,compositional_formation,conflict,relsim,0.1442348212003708,0.24686601758003235,-0.10263119637966156,0
conflict_comp_e9bbae0e_f8ae57be,compositional_formation,conflict,CLIP,0.5626980066299438,0.8057858943939209,-0.24308788776397705,0
conflict_comp_e9bbae0e_f8ae57be,compositional_formation,conflict,DINO,-0.0003488417714834213,0.5099696516990662,-0.5103184934705496,0
conflict_comp_e9bbae0e_ecf449c9,compositional_formation,conflict,relsim,0.1442348212003708,0.29049161076545715,-0.14625678956508636,0
conflict_comp_e9bbae0e_ecf449c9,compositional_formation,conflict,CLIP,0.5626980066299438,0.7756937742233276,-0.2129957675933838,0
conflict_comp_e9bbae0e_ecf449c9,compositional_formation,conflict,DINO,-0.0003488417714834213,0.43982991576194763,-0.44017875753343105,0
conflict_comp_e9bbae0e_f031e302,compositional_formation,conflict,relsim,0.1442348212003708,0.20144504308700562,-0.05721022188663483,0
conflict_comp_e9bbae0e_f031e302,compositional_formation,conflict,CLIP,0.5626980066299438,0.759620189666748,-0.1969221830368042,0
conflict_comp_e9bbae0e_f031e302,compositional_formation,conflict,DINO,-0.0003488417714834213,0.5260176658630371,-0.5263665076345205,0
conflict_comp_e9f11059_f03e3425,compositional_formation,conflict,relsim,0.22281956672668457,0.4612402319908142,-0.23842066526412964,0
conflict_comp_e9f11059_f03e3425,compositional_formation,conflict,CLIP,0.5446780920028687,0.7220767140388489,-0.17739862203598022,0
conflict_comp_e9f11059_f03e3425,compositional_formation,conflict,DINO,0.007324421778321266,0.13888826966285706,-0.1315638478845358,0
conflict_comp_f3b7f230_f1e0f426,compositional_formation,conflict,relsim,0.11186856031417847,0.4099881649017334,-0.29811960458755493,0
conflict_comp_f3b7f230_f1e0f426,compositional_formation,conflict,CLIP,0.6288939118385315,0.7463752627372742,-0.11748135089874268,0
conflict_comp_f3b7f230_f1e0f426,compositional_formation,conflict,DINO,0.05692112445831299,0.069141685962677,-0.012220561504364014,0
conflict_comp_f3b7f230_ed490820,compositional_formation,conflict,relsim,0.11186856031417847,0.6105412244796753,-0.4986726641654968,0
conflict_comp_f3b7f230_ed490820,compositional_formation,conflict,CLIP,0.6288939118385315,0.7345317602157593,-0.10563784837722778,0
conflict_comp_f3b7f230_ed490820,compositional_formation,conflict,DINO,0.05692112445831299,0.2423427850008011,-0.1854216605424881,0
conflict_comp_ff94486f_e292802c,compositional_formation,conflict,relsim,0.11262159049510956,-0.04221808910369873,0.1548396795988083,1
conflict_comp_ff94486f_e292802c,compositional_formation,conflict,CLIP,0.5090547800064087,0.6670497059822083,-0.15799492597579956,0
conflict_comp_ff94486f_e292802c,compositional_formation,conflict,DINO,-0.003107469528913498,0.10665266215801239,-0.10976013168692589,0
conflict_comp_ed3d84c8_fff8c604,compositional_formation,conflict,relsim,0.06542009860277176,0.2571842074394226,-0.19176410883665085,0
conflict_comp_ed3d84c8_fff8c604,compositional_formation,conflict,CLIP,0.7340714335441589,0.837378978729248,-0.10330754518508911,0
conflict_comp_ed3d84c8_fff8c604,compositional_formation,conflict,DINO,0.10514626652002335,0.26841792464256287,-0.16327165812253952,0
conflict_comp_ec46ab4c_e3033baf,compositional_formation,conflict,relsim,-0.026746094226837158,0.18155474960803986,-0.20830084383487701,0
conflict_comp_ec46ab4c_e3033baf,compositional_formation,conflict,CLIP,0.3368971347808838,0.4912561774253845,-0.15435904264450073,0
conflict_comp_ec46ab4c_e3033baf,compositional_formation,conflict,DINO,-0.0015232935547828674,0.05022323504090309,-0.05174652859568596,0
conflict_comp_ec46ab4c_fca0947a,compositional_formation,conflict,relsim,-0.026746094226837158,0.6104798913002014,-0.6372259855270386,0
conflict_comp_ec46ab4c_fca0947a,compositional_formation,conflict,CLIP,0.3368971347808838,0.4731704890727997,-0.1362733542919159,0
conflict_comp_ec46ab4c_fca0947a,compositional_formation,conflict,DINO,-0.0015232935547828674,0.14391541481018066,-0.14543870836496353,0
conflict_comp_ec46ab4c_e5a1aa8b,compositional_formation,conflict,relsim,-0.026746094226837158,0.8532750606536865,-0.8800211548805237,0
conflict_comp_ec46ab4c_e5a1aa8b,compositional_formation,conflict,CLIP,0.3368971347808838,0.4716101884841919,-0.1347130537033081,0
conflict_comp_ec46ab4c_e5a1aa8b,compositional_formation,conflict,DINO,-0.0015232935547828674,0.36159271001815796,-0.3631160035729408,0
conflict_comp_f00c22c8_f8ae57be,compositional_formation,conflict,relsim,0.24505263566970825,0.42036449909210205,-0.1753118634223938,0
conflict_comp_f00c22c8_f8ae57be,compositional_formation,conflict,CLIP,0.6471160054206848,0.8442485332489014,-0.19713252782821655,0
conflict_comp_f00c22c8_f8ae57be,compositional_formation,conflict,DINO,0.14409103989601135,0.4874474108219147,-0.3433563709259033,0
conflict_comp_f00c22c8_ecf449c9,compositional_formation,conflict,relsim,0.24505263566970825,0.4253123998641968,-0.18025976419448853,0
conflict_comp_f00c22c8_ecf449c9,compositional_formation,conflict,CLIP,0.6471160054206848,0.7983070611953735,-0.15119105577468872,0
conflict_comp_f00c22c8_ecf449c9,compositional_formation,conflict,DINO,0.14409103989601135,0.33239737153053284,-0.18830633163452148,0
conflict_comp_f00c22c8_fc385887,compositional_formation,conflict,relsim,0.24505263566970825,0.08156250417232513,0.16349013149738312,1
conflict_comp_f00c22c8_fc385887,compositional_formation,conflict,CLIP,0.6471160054206848,0.7752705216407776,-0.12815451622009277,0
conflict_comp_f00c22c8_fc385887,compositional_formation,conflict,DINO,0.14409103989601135,0.3871440887451172,-0.24305304884910583,0
conflict_comp_f00c22c8_ecd09e61,compositional_formation,conflict,relsim,0.24505263566970825,0.25169697403907776,-0.006644338369369507,0
conflict_comp_f00c22c8_ecd09e61,compositional_formation,conflict,CLIP,0.6471160054206848,0.774368941783905,-0.12725293636322021,0
conflict_comp_f00c22c8_ecd09e61,compositional_formation,conflict,DINO,0.14409103989601135,0.469699501991272,-0.3256084620952606,0
conflict_comp_f00c22c8_f031e302,compositional_formation,conflict,relsim,0.24505263566970825,0.20791810750961304,0.037134528160095215,1
conflict_comp_f00c22c8_f031e302,compositional_formation,conflict,CLIP,0.6471160054206848,0.7652104496955872,-0.11809444427490234,0
conflict_comp_f00c22c8_f031e302,compositional_formation,conflict,DINO,0.14409103989601135,0.2831876575946808,-0.13909661769866943,0
conflict_comp_e1b1cdde_efaf88d9,compositional_formation,conflict,relsim,0.2089426964521408,0.5343897342681885,-0.32544703781604767,0
conflict_comp_e1b1cdde_efaf88d9,compositional_formation,conflict,CLIP,0.5537848472595215,0.6716374754905701,-0.11785262823104858,0
conflict_comp_e1b1cdde_efaf88d9,compositional_formation,conflict,DINO,0.023702898994088173,0.24146929383277893,-0.21776639483869076,0
conflict_comp_e4d8628d_ff614f32,compositional_formation,conflict,relsim,0.13854973018169403,0.18021853268146515,-0.04166880249977112,0
conflict_comp_e4d8628d_ff614f32,compositional_formation,conflict,CLIP,0.4710802137851715,0.6870325803756714,-0.21595236659049988,0
conflict_comp_e4d8628d_ff614f32,compositional_formation,conflict,DINO,0.04135742783546448,0.03911978006362915,0.002237647771835327,1
