image_hash,local_path,url_link,caption,download_ok
f9868284712a469955aeb5b9d08e0ceb,review/archive/images\f9868284712a469955aeb5b9d08e0ceb.jpg,https://us.123rf.com/450wm/serkucher/serkucher1908/serkucher190800310/128646993-a-playful-kitty-hides-in-a-white-box-the-cat-yawns-isolated-on-a-white-background.jpg?ver=6,Surprised {Animal} peering out from inside a {Enclosure}.,True
edf23f69af427b09355ed74545ec5e82,review/archive/images\edf23f69af427b09355ed74545ec5e82.jpg,"https://ih1.redbubble.net/image.269068340.1696/raf,360x360,075,t,fafafa:ca443f4786.jpg",A charming illustration featuring anthropomorphic {Fruits} with expressive faces and playful personalities.,True
f7b3ddc2bcca3461b9963a678c544437,review/archive/images\f7b3ddc2bcca3461b9963a678c544437.jpg,https://www.stylishtrendy.com/wp-content/uploads/2013/11/Christmas-Party-Ideas-2013-2014_03.jpg,"Artistic designs of {Object} shaped like a sleeping figure, with details like {Color}, {Accessories}, and {Background}.",True
ea77f0defff205ac0521c660b352d894,review/archive/images\ea77f0defff205ac0521c660b352d894.jpg,https://img.izismile.com/img/img5/20120830/640/a_collection_of_strange_but_cute_drawings_640_high_45.jpg,"""Illustration of {Fruit} anthropomorphized, showcasing emotional interactions with other {Animals} in playful or human-like scenarios.""",True
df2d61bdfb1747cc312dc5364084fc0d,review/archive/images\df2d61bdfb1747cc312dc5364084fc0d.jpg,https://i.pinimg.com/736x/62/1c/e9/621ce9b3841ceb123fedf4a577cbf7f7--barn-wedding-photos-funny-wedding-photos.jpg,"""Creative use of {Group} people positioned in front of {Background} to form an artistic or whimsical composition.""",True
efb0b0f0ec32a829a90eee37875c11e5,review/archive/images\efb0b0f0ec32a829a90eee37875c11e5.jpg,https://us.123rf.com/450wm/deagreez/deagreez1908/deagreez190808276/129431170-full-length-body-size-view-of-his-he-nice-attractive-stylish-funky-cheerful-cheery-glad-gray-haired-.jpg?ver=6,"Pictures showcasing {Person} in a {Color} environment, emphasizing their relaxed style and natural beauty.",True
f7f2191179e226b24aa8a20d9297f0f5,review/archive/images\f7f2191179e226b24aa8a20d9297f0f5.jpg,https://cdn.shopify.com/s/files/1/2297/0353/products/United-States-Map-Sticker_600x.jpg?v=1553216844,"An artistic depiction of {Region}'s iconic symbols and landmarks arranged within the map outline, highlighted by diverse {Color} and {Details}.",True
f5ad3175716acefc5b2599c2d4f213cb,review/archive/images\f5ad3175716acefc5b2599c2d4f213cb.jpg,http://static.boredpanda.com/blog/wp-content/uploads/2014/09/jimmy-choo-bull-terrier-illustrations-rafael-mantesso-6.jpg,Artistic fusion of a {Dog} and imaginative {Shape} for a playful and whimsical design.,True
e22288fadccfe610019bbd2edcd1e3c3,review/archive/images\e22288fadccfe610019bbd2edcd1e3c3.jpg,http://static.demilked.com/wp-content/uploads/2016/03/shelter-dogs-adopt-photo-project-humane-society-2.jpg,Different {Animals} showcasing unique {Expressions} and {Emotions} in their natural environments.,True
e0a675eccdee7edc34b1dfce71b01305,review/archive/images\e0a675eccdee7edc34b1dfce71b01305.jpg,https://img.izismile.com/img/img2/20090929/bonus//5/dogs_stars_wars_11.jpg,Animals dressed up as famous {Characters} in creative {Costumes}.,True
ed3c7c91c841e2768bf9c713593b940a,review/archive/images\ed3c7c91c841e2768bf9c713593b940a.jpg,https://i.pinimg.com/736x/76/68/aa/7668aac0a752cf8e4a7876984d592d91--tropical-christmas-trees-coastal-christmas.jpg,Creative fusion of {Tree} and unexpected {Seasonal Decorations} for a one-of-a-kind visual effect.,True
f0179de6164d0122bdbf52bb279a776c,review/archive/images\f0179de6164d0122bdbf52bb279a776c.jpg,https://us.123rf.com/450wm/davidzydd/davidzydd1511/davidzydd151100577/47711231-stock-vector-charlotte-city-skyline-silhouette-multicolor-line-art.jpg?ver=6,A detailed outline of a {City Skyline} showcasing various {Buildings} in a vibrant {Color Palette}.,True
fc3068c41f6f9733fd94dd5e04cd39bb,review/archive/images\fc3068c41f6f9733fd94dd5e04cd39bb.jpg,https://us.123rf.com/450wm/bowie15/bowie151309/bowie15130900087/22776276-business-woman-aiming-using-bow-and-arrow.jpg?ver=6,Visuals of individuals aiming for {Target} with {Equipment}.,True
f6b27f58c459342d805416139ba7aaeb,review/archive/images\f6b27f58c459342d805416139ba7aaeb.jpg,http://cdn.shopify.com/s/files/1/0130/8422/products/red_fish_canvas-art-print_large.jpg?5855,"Images showcasing {Action} leading to {Result} to demonstrate progress, change, or departure from the norm.",True
f76046709c9a5830a15b46df00e4129f,review/archive/images\f76046709c9a5830a15b46df00e4129f.jpg,https://i.pinimg.com/736x/6f/7b/4b/6f7b4bdd995c42f7690cd072e355c15d.jpg,Animals sporting handmade {Clothing} with unique {Designs} and {Colors}.,True
e931ad974af313e1999d4d76a073da78,review/archive/images\e931ad974af313e1999d4d76a073da78.jpg,https://blog.feliway.com/hs-fs/hubfs/How%20To%20Stop%20Your%20Cat%20From%20Scratching%20the%20Carpet_2-2.jpg?width=1000&name=How%20To%20Stop%20Your%20Cat%20From%20Scratching%20the%20Carpet_2-2.jpg,Pictures showcasing {Cat} engaging with a {Scratching Post} on a {Surface}.,True
effa9ae0fa5da83de8d07260db84bcac,review/archive/images\effa9ae0fa5da83de8d07260db84bcac.jpg,https://us.123rf.com/450wm/byrdyak/byrdyak1804/byrdyak180400002/98725698-360-degree-view-of-single-blossoming-tree-in-spring-on-rural-meadow.jpg?ver=6,"""360-degree view of {Landscapes} or {Structures} in a spherical panorama, showcasing {Scenery} from all angles.""",True
e4fbe3964df1be508645bbb859b294c0,review/archive/images\e4fbe3964df1be508645bbb859b294c0.jpg,https://i.pinimg.com/736x/d2/38/bc/d238bc7337baa09ea7524102bec9d7b9.jpg,Creative representation of {Scene} with a {Fish} positioned in a {Water Environment}.,True
ef1941c85541f57045dd470aada081cd,review/archive/images\ef1941c85541f57045dd470aada081cd.jpg,https://us.123rf.com/450wm/alphaspirit/alphaspirit1510/alphaspirit151000185/47210548-executive-operates-with-simplicity-his-business-team.jpg?ver=6,Visuals of {Person} pointing to a hand-drawn {Scene/Concept} that reflects their {Thought/Idea}.,True
ec0753d78576da91a15bff7d7c9a7311,review/archive/images\ec0753d78576da91a15bff7d7c9a7311.jpg,https://www.saalbach.com/stories-fotos/White%20Style/image-thumb__476952__lightbox-teaser-img/WhiteStyle_2016_Matt_Jones_2nd_place_Photo_Christoph_Laue.jpeg,Skilled riders perform daring {Stunt} on their {Bike} over a {Surface}.,True
f13f834f33aaa969e6fed6890ccb5243,review/archive/images\f13f834f33aaa969e6fed6890ccb5243.jpg,https://img.freepik.com/free-vector/slice-watermelon-cartoon-vector_53876-76188.jpg?size=338&ext=jpg,"""Illustration of anthropomorphic {Fruit} with human-like features such as legs and facial expressions.""",True
f93304d0964a3be6e870fa1726901639,review/archive/images\f93304d0964a3be6e870fa1726901639.jpg,https://i2.wp.com/bikeaospedacos.com.br/wp-content/uploads/2021/10/red-bull-rampage-nesta-sexta-com-transmissao-ao-vivo-e-em-portugues-1.jpg?resize=980%2C400&ssl=1,"Stunts performed with {Bike} on uneven terrain, showcasing {Rider} in mid-air with an adventurous backdrop as the setting.",True
ecbe3667dbf9c95410aaae4a48d8deda,review/archive/images\ecbe3667dbf9c95410aaae4a48d8deda.jpg,https://3.bp.blogspot.com/-pbVGXa3hM40/VPr7cqfVlAI/AAAAAAAACUA/wloDPnS6STM/s1600/pine00.jpg,"A stunning view from outer space of {Object}, showcasing its surroundings against the backdrop of Earth and the sun.",True
e63f6a2185c0dbf25915cd30dbd8f418,review/archive/images\e63f6a2185c0dbf25915cd30dbd8f418.jpg,https://www.thoughtco.com/thmb/PmAWM3aTzS-GZi6YvtwOTooHp_0=/768x0/filters:no_upscale():max_bytes(150000):strip_icc()/Apollo8-earthrise-clr-3000-3x2Nasa-5a92e427ff1b780037f909f7.jpg,"The {Celestial Body} captured from the vantage point of the {Spacecraft}, with a backdrop of the {Black Sky}.",True
fccb407244818cb4573be8075adedc73,review/archive/images\fccb407244818cb4573be8075adedc73.jpg,https://www.interestinginsects.com/static/img/butterfly-hatching-730.jpg,A comprehensive portrayal of the {Living Organism}'s metamorphosis from its initial stage to its mature form through various transitional phases.,True
f62852779212603d96210013611bfa1a,review/archive/images\f62852779212603d96210013611bfa1a.jpg,https://us.123rf.com/450wm/bswei/bswei1312/bswei131200146/24601279-businessman-climbing-on-wooden-ladder-to-cloud-house-with-city-view.jpg,Visuals showing {Person} climbing toward a {Target} situated at a distance or high above.,True
edd38ba03b58b3ad4fdce29ce6364c20,review/archive/images\edd38ba03b58b3ad4fdce29ce6364c20.jpg,https://us.123rf.com/450wm/tai11/tai111506/tai11150601109/41360684-un-grand-groupe-de-personnes-dans-la-forme-de-symboles-abstraits-isol%C3%A9-fond-blanc-.jpg?ver=6,"Groups of {People} shaped into the letterforms {Letter 1}, {Letter 2}, {Letter 3} using a creative layout.",True
e699eb5f80a49467733cd08230692473,review/archive/images\e699eb5f80a49467733cd08230692473.jpg,https://img3.stockfresh.com/files/c/cienpies/m/91/1921477_stock-photo-isolated-diversity-tree-hands.jpg,A tree design made from {Hands} in various {Colors} and {Positions}.,True
df4956b1f614483cb551ab998a7b9f99,review/archive/images\df4956b1f614483cb551ab998a7b9f99.jpg,https://us.123rf.com/450wm/adam121/adam1211811/adam121181101194/111656595-young-businessman-sitting-on-house-chimney-with-smartphone-in-hands.jpg?ver=6,Visuals depicting {Person} utilizing {Tool/Platform} to reach out to {People/Concept/Object} in a creative way.,True
e710eb7f719dfdce8c721e39e1344b95,review/archive/images\e710eb7f719dfdce8c721e39e1344b95.jpg,https://img.freepik.com/free-vector/fitness-vegetables-cartoon-characters_204595-327.jpg?size=626&ext=jpg,"Creative illustrations of {Vegetables} engaging in various {Activities}, showcasing unique interactions with objects like {Exercise Equipment} and {Sports}.",True
eda46f8ed7a4fbfa37760354634bbc86,review/archive/images\eda46f8ed7a4fbfa37760354634bbc86.jpg,https://www.treehugger.com/thmb/8DOr3PKFGm_0ugRLY94lPtu1mAg=/2048x2048/filters:no_upscale():max_bytes(150000):strip_icc()/__opt__aboutcom__coeus__resources__content_migration__mnn__images__2018__05__two_dogs_share_stick-db101bee57ee4e3d94bc2214f580b653.jpg,Two {Animals} sharing a {Stick} and smiling together in an outdoor scene.,True
f3477ded01f4c3c77447d2786c9658e9,review/archive/images\f3477ded01f4c3c77447d2786c9658e9.jpg,https://s3.amazonaws.com/assets.cce.cornell.edu/slides/8369/image/sized/bugwood5382310-ppt.jpg?1413955310,Using {Coin} as a size reference for {Object}.,True
ece7301b888cbce4696777810d599a6a,review/archive/images\ece7301b888cbce4696777810d599a6a.jpg,http://img.timeoutshanghai.com/201611/20161101060840378.jpg,A cosplayer in a {Character} outfit showcasing their passion for {Theme} with a {Device}.,True
e28fd9dcbd7340fc57e1e798d3098493,review/archive/images\e28fd9dcbd7340fc57e1e798d3098493.jpg,https://i.pinimg.com/736x/be/e0/23/bee023f0493e06d6675e5f52cf147eac--lemurs-animals-in-clothes.jpg,"A portrait of a person with a {Animal} head, displaying a unique mix of {Character} and {Nature}.",True
eab9718442e49f681ea9d88e53ffa8b8,review/archive/images\eab9718442e49f681ea9d88e53ffa8b8.jpg,"https://static.wixstatic.com/media/678ff3_74c63a06779c42ef81d02a37caa06937.jpg/v1/fill/w_511,h_511,al_c,q_80,usm_0.66_1.00_0.01/678ff3_74c63a06779c42ef81d02a37caa06937.jpg","A steampunk-inspired design of a {Animal} featuring intricate details like gears, cogs, and other mechanical elements.",True
eeac8a2244faceedd3a4f96bc156a8e4,review/archive/images\eeac8a2244faceedd3a4f96bc156a8e4.jpg,https://us.123rf.com/450wm/martinak/martinak1404/martinak140400118/27106643-white-and-wild-rice-shaped-as-yin-yang-symbol-with-chopsticks-on-dark-wooden-background-asian-cultur.jpg?ver=6,A visual representation of the {Yang} and {Yin} balance using {Objects} in a balanced composition.,True
e2840d4faae37e2a68fbab19e7630b62,review/archive/images\e2840d4faae37e2a68fbab19e7630b62.jpg,https://i.pinimg.com/736x/a1/f3/81/a1f3819f67554ec2b06381624c8ca11a.jpg,Unique artistic creations made from {Materials} to mimic imaginative {Animals}.,True
f7cccb7ab7fae53c9adb4849d2d576ca,review/archive/images\f7cccb7ab7fae53c9adb4849d2d576ca.jpg,https://media-cdn.tripadvisor.com/media/photo-s/05/b7/63/7a/amaris-hotel.jpg,A cleverly designed {Device} that uses {Object} to perform a task in an unexpected and artistic way.,True
e9218d6b0c09474c299f3d7388f2be72,review/archive/images\e9218d6b0c09474c299f3d7388f2be72.jpg,https://photos.smugmug.com/Broken/i-8KFmhtK/0/M/KT_F%20Hole%20in%20the%20Wall-M.jpg,"""Rustic {Structure} with an unevenly shaped {Opening} exposing the {Background} outside.""",True
f952ec615055b7c9aa58c9f013111711,review/archive/images\f952ec615055b7c9aa58c9f013111711.jpg,https://live.staticflickr.com/8399/8641628705_742a7d4d6e.jpg,A series of {Structures} in descending heights creating a mesmerizing visual effect.,True
f4a9ff4f69db1d8a8809ab5669329e3b,review/archive/images\f4a9ff4f69db1d8a8809ab5669329e3b.jpg,https://i.etsystatic.com/5393703/d/il/3ecd82/2406566111/il_340x270.2406566111_k4vn.jpg?version=0,Creative designs featuring {Object} styled with {Accessories} in imaginative ways.,True
e92dd833e3472eeb6b93df445879966b,review/archive/images\e92dd833e3472eeb6b93df445879966b.jpg,https://www.dgwildlife.com/img/s/v-10/p4133737345-4.jpg,"""Creative representation of {Animals} engaging in human-like activities or interactions.""",True
e78219c9cccc2ef4266c56a4fd31112a,review/archive/images\e78219c9cccc2ef4266c56a4fd31112a.jpg,https://mymodernmet.com/wp/wp-content/uploads/2020/09/leaf-art-lito-leafart-1.jpg,Creative use of {Material} to craft representations of {Object}.,True
e637fa2e3f67e17fc9c2e791bcf12462,review/archive/images\e637fa2e3f67e17fc9c2e791bcf12462.jpg,https://cdn.shopify.com/s/files/1/2392/6173/products/04d5b7e0-5519-43c5-aacd-d892d1d5e9ff_1090x@2x.jpg?v=1575725737,A long-exposure shot capturing star trails and showcasing {Tree} as a focal point in the night sky.,True
e7e77c1ab98f73a63c4d8922d5b1abf5,review/archive/images\e7e77c1ab98f73a63c4d8922d5b1abf5.jpg,https://img-fotki.yandex.ru/get/509531/361085784.8fa/0_1b2a50_7f3412dc_orig.Jpg,Unusual imagery of {Object} interacting with {Liquid} in a visually striking manner.,True
ea184053f2b9fb4e2cf2f617e5d1c25f,review/archive/images\ea184053f2b9fb4e2cf2f617e5d1c25f.jpg,https://www.great-pictures-of-cats.com/image-files/cats-funny-pictures-3.jpg,"Animals discovered in unexpected {Locations}, showcasing curiosity and playfulness.",True
f1a36bcf5b3865d19428f524636f3cab,review/archive/images\f1a36bcf5b3865d19428f524636f3cab.jpg,https://us.123rf.com/450wm/orla/orla1812/orla181200035/118899048-a-tap-over-a-bowl-with-a-golden-fish-the-concept-of-rescue-this-is-a-3d-render-illustration.jpg?ver=6,A creative depiction of {Object} being used as a channel for {Fluid}.,True
e0fdcef8896d199a6a743347b32ae06b,review/archive/images\e0fdcef8896d199a6a743347b32ae06b.jpg,https://pix.avax.news/avaxnews/d5/5a/00045ad5_medium.jpeg,Long-exposure photos capturing the movement of {Stars} around {Tree} against a {Background Scene}.,True
ed8294c17d9f88574601f31b41c1a16c,review/archive/images\ed8294c17d9f88574601f31b41c1a16c.jpg,http://kaijabeishline.com/wp-content/uploads/2017/04/img_7856.jpg,"A thrilling jump off a {Height} cliff into the {Water Environment}, with others observing or preparing for their turn nearby.",True
e2d44a0f13baa10c03fb15f79e2b75dd,review/archive/images\e2d44a0f13baa10c03fb15f79e2b75dd.jpg,http://static.boredpanda.com/blog/wp-content/uploads/2015/12/star-wars-lunches-for-kids-lunchbox-dad-thumb.jpg,"Creative lunchbox designs incorporating {Food Items} to form shapes like {Characters}, {Animals}, or {Themes}.",True
e5f75a1571bc6e212fd558ccae1fe211,review/archive/images\e5f75a1571bc6e212fd558ccae1fe211.jpg,http://www.technocrazed.com/wp-content/uploads/2015/11/901-Star-Wars-Stormtroopers-l-640x1136.jpg,"Creative use of {Objects} to resemble {Humans} engaging in everyday activities like {Washing Hair}, {Drying Clothing}, and {Ironing Clothes}.",True
feaa1074302730e0e633d59957038006,review/archive/images\feaa1074302730e0e633d59957038006.jpg,https://ak1.ostkcdn.com/images/products/16721223/P23035519.jpg,"""Portrait of a {Dog Breed} seated on an elegant {Chair} in a vintage {Setting}""",True
e310096e987b7283538ff61200a6190a,review/archive/images\e310096e987b7283538ff61200a6190a.jpg,https://us.123rf.com/450wm/adogslifephoto/adogslifephoto1504/adogslifephoto150400052/38566089-closeup-photo-of-a-cute-dog-wearing-christmas-reindeer-antlers.jpg?ver=6,Animals adorned with {Reindeer Antlers} to represent {Seasonal or Festive Theme}.,True
ffd9b8af6f5d64db6b6dab4d2efa5caa,review/archive/images\ffd9b8af6f5d64db6b6dab4d2efa5caa.jpg,https://cdn4.eyeem.com/thumb/c744a760e430b85001a8377b03f17725f1940ac7-1543321078998/w/350,"The shadow of a {Tree} projected onto a {Surface}, forming a striking silhouette against sunlight.",True
f31f59efd0d6d241bd89f842d0cf9fda,review/archive/images\f31f59efd0d6d241bd89f842d0cf9fda.jpg,https://imgix.bustle.com/uploads/image/2019/9/16/9a1dea83-f8e2-4f43-aa45-7747d75b22b9-il_794xn1722355609_kjwo.jpg?w=400&h=383&fit=crop&crop=faces&auto=format%2Ccompress,Animals adorned with {Unicorn Horn} to mimic the magical {Color} and {Appearance} of unicorns.,True
e418b9638122d79354b6d7459c209c2c,review/archive/images\e418b9638122d79354b6d7459c209c2c.jpg,https://assets.saatchiart.com/saatchi/420895/art/1909579/1045823-6.jpg,"""Creative fusion of human forms with artistic depictions of {Animal} features.""",True
e9d5a9d5a4b9aa94aa761b68f5c15840,review/archive/images\e9d5a9d5a4b9aa94aa761b68f5c15840.jpg,https://trendatmosphere.files.wordpress.com/2016/02/collage-antonio-mora-ta-7.jpg,The integration of {Human Face} and {Natural Elements} into a single artistic depiction.,True
fc243ea76c7c4291aee3296ea9949076,review/archive/images\fc243ea76c7c4291aee3296ea9949076.jpg,https://us.123rf.com/450wm/madllen/madllen1303/madllen130300422/18545230-heart-healthy-of-fresh-shrimp-on-a-salad-lettuce-isolated-on-white-background.jpg,"A heart-shaped composition made with {Food Items}, emphasizing {Arrangement} and {Presentation}.",True
f436407c7327b61dd5d50424323fb0b6,review/archive/images\f436407c7327b61dd5d50424323fb0b6.jpg,https://2shopper.files.wordpress.com/2015/03/874_3_danmug-5.jpg?w=600&,"Visuals showcasing {Object} in its original and altered states, transformed by {Environment} or {Temperature}.",True
fbea11b3a6a6d6544affab3211ff1fc1,review/archive/images\fbea11b3a6a6d6544affab3211ff1fc1.jpg,https://us.123rf.com/450wm/ipanki/ipanki1602/ipanki160200205/51458515-zentangle-stylized-tiger-face-hand-drawn-doodle-vector-illustration-isolated-on-white-background-ske.jpg?ver=6,An intricately designed {Animal} artwork with elaborate {Patterns} and detailed {Features}.,True
f39baa5961ba30fc1943d0cd737c73e3,review/archive/images\f39baa5961ba30fc1943d0cd737c73e3.jpg,https://us.123rf.com/450wm/magicleaf/magicleaf1810/magicleaf181003977/110280680-vector-design-of-burger-and-sandwich-logo-set-of-burger-and-slice-vector-icon-for-stock-.jpg?ver=6,"""Breakdown of a {Food Item} featuring individual components: {Ingredient 1}, {Ingredient 2}, {Ingredient 3}, assembled into a complete {Dish}""",True
fd8279bd3699ba4f11d6d65acb41be17,review/archive/images\fd8279bd3699ba4f11d6d65acb41be17.jpg,https://dspncdn.com/a1/media/692x/a3/9d/fa/a39dfac43ccd21003db7542d99413cda.jpg,"""Light painting of {Figurine} with long exposure effects forming dynamic shapes against a dark background.""",True
e49bf7c184e88437e6c98b7ace1c798b,review/archive/images\e49bf7c184e88437e6c98b7ace1c798b.jpg,https://us.123rf.com/450wm/aquamarine1paint/aquamarine1paint1911/aquamarine1paint191100147/133315489-vector-illustration-with-people-walk-with-dog-on-a-leash-canine-tracks-in-the-shape-of-heart-on-whit.jpg?ver=6,Visual representation of {Person} and {Animal} surrounded by tracks from their {Foot},True
f1ce1051924e22d851ed972f6a23e87a,review/archive/images\f1ce1051924e22d851ed972f6a23e87a.jpg,https://jonathanbaxter.files.wordpress.com/2012/06/dsc_0214.jpg?w=744,Creative representation of {Object} merging with a {Scene/Object} in an unexpected and imaginative manner.,True
efcda0d0b8bad6595d7adfd806c527d7,review/archive/images\efcda0d0b8bad6595d7adfd806c527d7.jpg,https://a.1stdibscdn.com/sanseviero-sculptures-4-blue-boxes-illusion-sculpture-28x16-metal-and-enamel-for-sale-picture-2/a_2082/a_33041331536946311220/Sanseviero_4_Blue_Boxes_2018_front_master.jpg?width=768,"An artistic arrangement of {Shapes} featuring unique patterns and perspectives, produced with a focus on {Color} and {Geometry}.",True
eab8d35711dd89bad1ac5a65990d55fb,review/archive/images\eab8d35711dd89bad1ac5a65990d55fb.jpg,https://lh4.googleusercontent.com/-Zz2NhoJtk9k/TYdmXqaiq6I/AAAAAAAAOzg/GhA6hvqyETM/s1600/12.jpg,"""Statues portraying {Human Figures} in dynamic interactions with {Animals} or {Objects} in natural or symbolic settings.""",True
e1e25461f7ca57af4995b2446dc4fa44,review/archive/images\e1e25461f7ca57af4995b2446dc4fa44.jpg,https://i.pinimg.com/736x/48/97/dd/4897dd22bb121da0927bc6815a684948.jpg,Artistic wireframe sculptures of {Animal} designs showcased with fine attention to detail and unique patterns.,True
f730431cc923d28164ab38278e00bf38,review/archive/images\f730431cc923d28164ab38278e00bf38.jpg,https://us.123rf.com/450wm/stalkerstudent/stalkerstudent1511/stalkerstudent151101655/48091745-hospital-bed-vector-flat-illustration-eps-10.jpg?ver=6,Graphic representations of {Object} with different {Colors} to signify various {Concepts} or {Themes}.,True
ebd67189cf79d3ab02d0a14cbb5c4247,review/archive/images\ebd67189cf79d3ab02d0a14cbb5c4247.jpg,http://notedlist.com/wp-content/uploads/2015/07/wine-barrel-project-ideas/6-wine-barrel-project-ideas.jpg,"""Creative transformation of repurposed {Object} into functional {Dog Bed} with unique design and artistic details.""",True
e3033baff84e6bc612a5ecaefe9d2f94,review/archive/images\e3033baff84e6bc612a5ecaefe9d2f94.jpg,https://www.romanticasheville.com/sites/default/files/u13/tryon-WEG-2018-FEI.jpg,Synchronized acts performed by {Performers} on {Animal} in front of an attentive {Audience}.,True
e054bb782d9bf42c88f8ee4fc4c8c62a,review/archive/images\e054bb782d9bf42c88f8ee4fc4c8c62a.jpg,https://st4.depositphotos.com/12985848/21125/i/450/depositphotos_211257240-stock-photo-young-ballerina-black-bodysuit-talc.jpg,"Captured in motion, {Body Part} interacts with {Material} against a dark backdrop.",True
efb7a46ea998c0e3fd3fcaa148b4e5ab,review/archive/images\efb7a46ea998c0e3fd3fcaa148b4e5ab.jpg,https://www.dzstatue.com/data/watermark/20210331/606420dc86e5b.jpg,Unique sculptures combining {Figures} into imaginative {Artworks} with distinct {Themes} and {Styles}.,True
f7a829fad79772994d2abe53177f4e93,review/archive/images\f7a829fad79772994d2abe53177f4e93.jpg,http://static9.depositphotos.com/1010535/1178/i/450/depositphotos_11783955-coffee-cup-image-made-up-of-coffee-beans-on-sack.jpg,A creative use of {Creative Object} made from {Ingredients} on a {Surface}.,True
f15b2be8b9f85a5ab560c727601890fe,review/archive/images\f15b2be8b9f85a5ab560c727601890fe.jpg,https://static5.depositphotos.com/1000419/464/v/380/depositphotos_4642976-stock-illustration-four-seasons-spring-summer-autumn.jpg,A collection of {Seasons} featuring {Trees} with varying {Leaves} and {Flowers} in different {Colors}.,True
ebee947c663d7c1e66065c1dc8e38f6c,review/archive/images\ebee947c663d7c1e66065c1dc8e38f6c.jpg,https://bagcraft.uk/wp-content/uploads/2018/02/soake_rainbow_bcspprain_pagoda1.jpg,A circular design showcasing alternating segments of {Color} arranged in a {Theme/Pattern}.,True
dfc8461a7c295ee78be76da35b0521b4,review/archive/images\dfc8461a7c295ee78be76da35b0521b4.jpg,https://us.123rf.com/450wm/irynav/irynav1906/irynav190600063/125291999-santa-hat-on-tennis-ball-on-white-snow-background-merry-christmas-and-new-year-concept-with-tennis-b.jpg?ver=6,A {Creative Object} styled like a Christmas tree complete with a {Hat} for a festive touch.,True
f6126f0461fa49ffabcabc65cd9e34ef,review/archive/images\f6126f0461fa49ffabcabc65cd9e34ef.jpg,https://farm4.staticflickr.com/3507/3312887496_7def5172d1.jpg,A lineup of {Objects} evenly spaced on a uniform {Background}.,True
fa444794ee5724b8502758e6aa953dbc,review/archive/images\fa444794ee5724b8502758e6aa953dbc.jpg,https://www.ignant.com/wp-content/uploads/2015/01/Amy_Judd_Painting_14-360x288.jpg,Artwork showcasing {Human Figure} with an {Animal} fused into their body.,True
e7f2cd43be3e6c07606985177fdcad1c,review/archive/images\e7f2cd43be3e6c07606985177fdcad1c.jpg,https://i.dailymail.co.uk/i/pix/2012/05/05/article-2139669-12EDFCC6000005DC-244_634x415.jpg,Performances showcasing {Animal} dressed in {Human Clothing} interacting with objects typically held by humans.,True
edb2cbc498810c951d1e3a6bffde1c03,review/archive/images\edb2cbc498810c951d1e3a6bffde1c03.jpg,https://www.chroniclelive.co.uk/incoming/article17546982.ece/ALTERNATES/s510b/0_CFR_NJL_100120gym_01.jpg,Creative displays of balancing {Object} on the {Surface} for a visually captivating effect.,True
e3487f2c0a81812d18b107e28cef299c,review/archive/images\e3487f2c0a81812d18b107e28cef299c.jpg,https://i.etsystatic.com/il/0d9990/1008830964/il_340x270.1008830964_e6m2.jpg,Visuals showcasing {Animal} blending seamlessly with human-related {Objects} in imaginative scenes.,True
fee903515296997599f5c0bf61cafbd8,review/archive/images\fee903515296997599f5c0bf61cafbd8.jpg,https://img1.10bestmedia.com/Images/Photos/341946/Goat-Yoga_54_990x660.jpg,"People practicing {Activity} surrounded by {Animals}, creating a peaceful and engaging atmosphere.",True
e0fa6b5ae10efedbd0d7132ab05cf39f,review/archive/images\e0fa6b5ae10efedbd0d7132ab05cf39f.jpg,https://images-na.ssl-images-amazon.com/images/I/417Dc3ix1yL._SL480_.jpg,"A series of images showcasing {Action} performed by a {Person} with a {Object}, highlighting the progression of {Motion}.",True
f50cc8a671aefa3fe4377af383e7eca1,review/archive/images\f50cc8a671aefa3fe4377af383e7eca1.jpg,"https://artlogic-res.cloudinary.com/w_690,c_limit,f_auto,fl_lossy/artlogicstorage/rebeccahossack/images/view/96d920f8ec0f6b41b4fadc6dfcd0abd3j.jpg",Creative fusion of {Animal} characters adorned with {Human Clothing Items}.,True
f437b45f3f6085b94baff1dc88b47a51,review/archive/images\f437b45f3f6085b94baff1dc88b47a51.jpg,http://st.depositphotos.com/1000423/1456/i/450/dep_14563177-Human-eye-on-grey-background.jpg,A visually striking black-and-white image featuring a {Color} accent in the form of an eye or flower.,True
ed83ebbc55d3e4338818b3dbb02fe695,review/archive/images\ed83ebbc55d3e4338818b3dbb02fe695.jpg,https://i.dailymail.co.uk/i/pix/2017/10/18/21/4577E3A800000578-0-image-a-108_1508356961338.jpg,The transformation of {Animal} from its original state to a clean and polished appearance through grooming.,True
ee7fde2f1a7f5376e82382a60bb2f312,review/archive/images\ee7fde2f1a7f5376e82382a60bb2f312.jpg,https://images-na.ssl-images-amazon.com/images/I/61sXv8NAtrL._AC_SL1000_.jpg,Creative artwork featuring anthropomorphic {Animal} holding anthropomorphic {Food}.,True
ecaa35a1300f89adaeb4bf787dc6a11a,review/archive/images\ecaa35a1300f89adaeb4bf787dc6a11a.jpg,http://images.fineartamerica.com/images-medium-large-5/hiding-in-my-jeans-donna-tucker.jpg,"""Creative artwork featuring {Animal} interacting with {Clothing} in unique and unexpected ways.""",True
e91c016d738c8981682a96d5d19a8ffc,review/archive/images\e91c016d738c8981682a96d5d19a8ffc.jpg,https://us.123rf.com/450wm/yderbisheva/yderbisheva2012/yderbisheva201200010/160438373-watercolor-cocoa-set-with-leaves-hand-painted-gold-linear-fruits-isolated-on-white-background-autumn.jpg?ver=6,"A detailed view of the life cycle of a {Plant}, highlighting its {Seed}, {Sprout}, {Leaves}, and {Flower/Bloom} stages.",True
ebb0a441f27c21308e90b6f3f9ab0d3f,review/archive/images\ebb0a441f27c21308e90b6f3f9ab0d3f.jpg,http://1tb.favim.com/preview/7/763/7632/76327/7632706.jpg,"The transformation of {Ingredient} into {Product} shown through stages: {Raw Material}, {Processed Form}, {Finished Item}",True
f3c9463ad33ca289567c0c759a4f3a84,review/archive/images\f3c9463ad33ca289567c0c759a4f3a84.jpg,https://d2c5oomqu2hs08.cloudfront.net/wp-content/uploads/2018/02/cactus-1-web.jpg,A creative arrangement of {Balloon} shaped like a {Object}.,True
f6256a34b17fe76cc6d90ccfd2f6acd5,review/archive/images\f6256a34b17fe76cc6d90ccfd2f6acd5.jpg,http://tse3.mm.bing.net/th?id=OIP.aXwDn8Q3pVj_8AzlEh0VogHaHT,A creative fusion of a {Symbol} and a {Familiar Pattern} to form a distinctive design.,True
f9575588fb765aac970bc1766efd47f6,review/archive/images\f9575588fb765aac970bc1766efd47f6.jpg,https://i.pinimg.com/736x/44/d2/bd/44d2bd716582c8f399f6a0a51bce66d4.jpg,Artistic arrangements of {Fruit} and {Vegetables} shaped into the forms of various {Characters}.,True
e586bc98c94becb7a9e35f0ee45d597e,review/archive/images\e586bc98c94becb7a9e35f0ee45d597e.jpg,https://www.kino-zeit.de/sites/default/files/styles/filmseite/public/news/bild104769.jpg?itok=QdhZadd9,Visuals of {Object} transformed into eerie or surreal {Phenomenon} in unexpected ways.,True
e7c6c07974a5926aab450ff780014cdc,review/archive/images\e7c6c07974a5926aab450ff780014cdc.jpg,https://www.dorothy-porker.com/wp-content/uploads/2021/06/Jerk-Mushroom-Recipe-London-Loy-Dorothy-Porker-Foodblog-600x500.jpg,Innovative use of {Food Items} to craft imaginative {Characters} or {Figures}.,True
df567ccf0076cfe15dc758ce5179fc77,review/archive/images\df567ccf0076cfe15dc758ce5179fc77.jpg,https://img.freepik.com/free-photo/coffee-grains-heart-form_23-2147896434.jpg?size=626&ext=jpg,Creative use of {Objects} to form a {Shape}.,True
fec41d2a8ae1a3702dd12e0ab695cdaa,review/archive/images\fec41d2a8ae1a3702dd12e0ab695cdaa.jpg,https://piximus.net/media2/48647/thumb_fw.jpg,Before-and-after portrayal of {Animal} showcasing their transformation from {Environment/Condition 1} to {Environment/Condition 2}.,True
e69ba9d3cb34cd1b8326d6eff7c291df,review/archive/images\e69ba9d3cb34cd1b8326d6eff7c291df.jpg,https://us.123rf.com/450wm/weerapat/weerapat1611/weerapat161100251/67303082-hand-watering-green-plants-growing-on-a-pile-of-golden-coins--green-business-and-investment--busines.jpg?ver=6,"Visual representation of {Plant} growing from stacked {Coins}, illustrating {Growth} or {Accumulation}.",True
eeb47991ca59d3ad8b44eb97ded966a1,review/archive/images\eeb47991ca59d3ad8b44eb97ded966a1.jpg,https://www.welovesolo.com/wp-content/uploads/vecteezy/03/bd1n0vjinyq.jpg,"The life cycle of {Plant} unfolds through the stages: {Seed}, {Sprout}, {Leaves/Buds}, {Flower}, {Fruit/Seed Dispersal}",True
ea1420666aa1e3fa5fb6b25561688fff,review/archive/images\ea1420666aa1e3fa5fb6b25561688fff.jpg,https://coolcreativity.com/wp-content/uploads/2014/05/egg-carton-flower-f.jpg,Step-by-step guide on transforming {Recycled Material} into an elegant {Object}.,True
ec08493b332e34f67466a3e600de4cd6,review/archive/images\ec08493b332e34f67466a3e600de4cd6.jpg,https://cdn.shopify.com/s/files/1/0292/5664/6690/products/0540DAE7-23E4-411E-B699-11C2DE5751F7_800x800_crop_center.jpg?v=1605458516,"The evolution of a {Subject} into a detailed {Completed Sculpture}, showcasing the artistic transformation from initial concept to finished piece.",True
e139ac0d853ce9073476efdab078b286,review/archive/images\e139ac0d853ce9073476efdab078b286.jpg,https://images.squarespace-cdn.com/content/v1/54dd3bece4b0818948434c85/1474195464000-FQ382S3HZUCXJDLPJMR0/ke17ZwdGBToddI8pDm48kOp1DUWbHziGNAtC5iviBMwUqsxRUqqbr1mOJYKfIPR7LoDQ9mXPOjoJoqy81S2I8N_N4V1vUb5AoIIIbLZhVYxCRW4BPu10St3TBAUQYVKcoqRyWAzwh-mxWXPBPCvwqitFfBRz8WqZa_IH8L9nIOXMQ4LsfZDYfVB9H7gEAFog/tumblr_oa11o1MISz1s8unw6o1_1280.jpg,"""Grid arrangement of repeated images of {Subject} in various {Colors} and {Patterns}.""",True
e2311a19734fefd9c0c4cad54a7834e4,review/archive/images\e2311a19734fefd9c0c4cad54a7834e4.jpg,"https://ik.imagekit.io/theartling/p/products/Product/05d3c46bda534dc6982e8a67ae99df71.jpg?tr=cm-pad_resize,w-611,h-611,bg-FFFFFF",A surrealistic composition highlighting an unexpected {Object} floating on or amidst the {Background}.,True
ee75ff67be9685d5e0f8f83c519954c1,review/archive/images\ee75ff67be9685d5e0f8f83c519954c1.jpg,https://us.123rf.com/450wm/holwichaikawee/holwichaikawee1712/holwichaikawee171200009/91346811-l-albero-che-cresce-sulle-monete-di-un-dollaro-ha-sistemato-come-grafico-sulla-tavola-di-legno-con-i.jpg?ver=6,"Visual representation of {Growth} where {Objects} accumulate gradually, symbolizing {Progress} in stages.",True
ff5b91e8018bda5009e0cdcd46dfa00c,review/archive/images\ff5b91e8018bda5009e0cdcd46dfa00c.jpg,http://i.pinimg.com/originals/6a/8c/eb/6a8ceb657b7e6fe82418aab9ebf28fe8.jpg,Creative use of {Object} to construct a visually stunning {Table/Mosaic} with a variety of {Colors} and {Patterns}.,True
f66cdd771f2f7cd83ce4427dd1579568,review/archive/images\f66cdd771f2f7cd83ce4427dd1579568.jpg,https://us.123rf.com/450wm/paveu/paveu1503/paveu150300009/37478858-vector-illustration-of-soy-bean-and-plants.jpg?ver=6,"The life cycle of {Plant} as it progresses from {Seed/Bulb} to {Bloom/Flower}, {Fruit/Seed Dispersal}, and {New Seeds/Seedlings}.",True
e64769e22e0a62fe6aa93b7798cef8f4,review/archive/images\e64769e22e0a62fe6aa93b7798cef8f4.jpg,http://sensiblysara.com/wp-content/uploads/2016/12/2-ingredient-biscuits.jpg,"Detailed process of crafting {Food Item} with {Ingredients} and {Tools}, progressing from {Ingredient Combination} to {Final Product}.",True
eaa499566c473a08342989af4945fcfc,review/archive/images\eaa499566c473a08342989af4945fcfc.jpg,https://www.dravenstales.ch/wp-content/uploads/2015/10/horrorfilm-schurken-romantisch-06-550x413.jpg,Photos of {People} interacting with extraordinary or hyper-realistic {Faces} in unique settings.,True
eba89b0d15181c0673ce4bd685585cf2,review/archive/images\eba89b0d15181c0673ce4bd685585cf2.jpg,https://upload.wikimedia.org/wikipedia/commons/e/ed/Acacia_senegal_-_K%C3%B6hler%E2%80%93s_Medizinal-Pflanzen-004.jpg,"Detailed illustration of the life cycle and key characteristics of a {Plant}, showcasing its {Roots}, {Stem/Leaves}, {Flowers}, and {Fruits/Seeds}.",True
fb39818e1ad3029b9e0dcacfecaf6f24,review/archive/images\fb39818e1ad3029b9e0dcacfecaf6f24.jpg,https://us.123rf.com/450wm/schenski/schenski1809/schenski180900335/110033553-balance-between-boss-and-employee-on-gold-scale.jpg?ver=6,A visual representation of balancing {Object 1} and {Object 2} on a scale.,True
f37aebc58e6f499c7b3bdf740e730ca1,review/archive/images\f37aebc58e6f499c7b3bdf740e730ca1.jpg,https://us.123rf.com/450wm/mathisa/mathisa1606/mathisa160600092/60898309-isolated-five-bar-swordtail-butterfly-life-cycle-antiphates-pompilius-on-twig-with-clipping-path.jpg?ver=6,"The life cycle of a {Insect}, showcasing its development from a {larva} through metamorphosis to a fully formed {adult}.",True
ecaa7d8a1fdadef8f3220cbd6dd7451e,review/archive/images\ecaa7d8a1fdadef8f3220cbd6dd7451e.jpg,https://cdn.wonderfuldiy.com/wp-content/uploads/2014/08/Mini-Sausage-Wreath-F1.jpg,Transforming {Food Items} into artistic designs: a {Theme/Character} concept.,True
fc2bf3aab1dcf38bf64d3ec4913279b2,review/archive/images\fc2bf3aab1dcf38bf64d3ec4913279b2.jpg,https://www.fabartdiy.com/wp-content/uploads/2014/10/Halloween-Spider-Cakes-f.jpg,"""Creative transformation of {Food Items} into artistic representations of {Animals}.""",True
e2b56cd05fa912ab335f96a8fb2657fa,review/archive/images\e2b56cd05fa912ab335f96a8fb2657fa.jpg,https://tse4.mm.bing.net/th?id=OIP.E6-hFxwen3i0FCFNUDk_pgHaHa&pid=Api&P=0&w=300&h=300,Step-by-step guide on transforming {Material} into an elegant {Flower}.,True
f13b2aeb30cbce7ac8b1c5c3ea5353b6,review/archive/images\f13b2aeb30cbce7ac8b1c5c3ea5353b6.jpg,https://us.123rf.com/450wm/hadkhanong/hadkhanong1610/hadkhanong161000010/66538459-drawing-of-set-of-monkey-head-with-pattern-for-coloring-on-white-background.jpg?ver=6,A step-by-step illustration of creating a detailed {Subject} with evolving {Details} and refined {Colors}.,True
ea7b131201f4ec87f23caade7326f630,review/archive/images\ea7b131201f4ec87f23caade7326f630.jpg,https://images.squarespace-cdn.com/content/v1/566763bf25981d4412e0f3ff/1458608823753-L5ATZQL34ALWBSR2D08J/ke17ZwdGBToddI8pDm48kFQQgP34qnCpeHaeAOzTt7pZw-zPPgdn4jUwVcJE1ZvWQUxwkmyExglNqGp0IvTJZamWLI2zvYWH8K3-s_4yszcp2ryTI0HqTOaaUohrI8PICHnXC1b9smDvYLPdL-DS7U1pkhCtl83kemXd5r3C5ngKMshLAGzx4R3EDFOm1kBS/Munny+13,"Hand-drawn design for {Character/Object} transformed into a physical prototype, displayed alongside its sketch.",True
e3ba21e9aea00353c476f9ac85401016,review/archive/images\e3ba21e9aea00353c476f9ac85401016.jpg,https://us.123rf.com/450wm/cherezoff/cherezoff1507/cherezoff150700783/42277280-perforator-in-shopping-cart-on-isolated-white-background.jpg?ver=6,Unusual combinations of {Object} and {Unrelated Object} resulting in imaginative and funny visuals.,True
f3cd10d7f3691b6266ceca6a59177a8d,review/archive/images\f3cd10d7f3691b6266ceca6a59177a8d.jpg,https://static-23.sinclairstoryline.com/resources/media/9d51baba-8343-492f-bd20-929939d0ae15-octopusencounterwithenrichmentobject.jpg,"An {Animal} interacting with a {Feeding Device} in the water, showcasing natural feeding behavior.",True
fc35762a19e5e24225dd5149be04bc24,review/archive/images\fc35762a19e5e24225dd5149be04bc24.jpg,https://i.pinimg.com/originals/d2/00/46/d2004616eca1ff98098ccae98214da54.jpg,Creative visual depictions of {Object} representing the idea of {Light}.,True
df060e263ffcb757d257f8e7e61aaad4,review/archive/images\df060e263ffcb757d257f8e7e61aaad4.jpg,http://d2jv9003bew7ag.cloudfront.net/uploads/8613006112007329-450x404.jpg,"Step-by-step {Process} presented through four sequential stages: {Initial State}, {Transformation 1}, {Transformation 2}, {Final Outcome}, highlighted by evolving {Details} and {Textures}.",True
e1b9b00d7ccd76702744832c98fb8e78,review/archive/images\e1b9b00d7ccd76702744832c98fb8e78.jpg,https://www.furilia.com/wp-content/uploads/2019/02/1549721421_956_Lion-Face-Pancake-For-Kids.jpg,A playful arrangement of {Food Items} shaped like a {Object}.,True
f6875b4ab38c43cc05aadde4063d41b5,review/archive/images\f6875b4ab38c43cc05aadde4063d41b5.jpg,"https://static.wixstatic.com/media/d17fe1_1a078d2399d14147a2099b78f1b6fd12~mv2.jpg/v1/fill/w_454,h_341,fp_0.50_0.50,q_90/d17fe1_1a078d2399d14147a2099b78f1b6fd12~mv2.jpg",Progression of {Species} through various {Stages of Development} over time.,True
ff79f005dba58277f3066de6adc4ee6a,review/archive/images\ff79f005dba58277f3066de6adc4ee6a.jpg,https://media.newyorker.com/photos/590979d8019dfc3494ea33cb/master/w_2560%2Cc_limit/Brody-Cinemas-Walking-Cure-02.jpg,"Step-by-step progression of {Subject} performing {Action}, shown in sequential frames across multiple phases.",True
f0e492741a76fd2ed688a5ea62fcedaa,review/archive/images\f0e492741a76fd2ed688a5ea62fcedaa.jpg,https://images.squarespace-cdn.com/content/538bad56e4b0c3b633f728e7/1407735580496-1CN20NL7G0R67I20AOCX/MU036.jpg?content-type=image%2Fjpeg,Progressive motion stages of {Subject} captured in sequential images across various {Actions} or {Positions}.,True
f17825dfe61346f93e4dcd4bc1b3f28f,review/archive/images\f17825dfe61346f93e4dcd4bc1b3f28f.jpg,https://raimonsibilo.files.wordpress.com/2013/10/decamps-alexandre-gabriel-the-monkey-painter.jpg?w=285&h=285&crop=1,"Depiction of {Animal} engaging in human-like activities with tools or objects, showcasing imaginative scenes involving {Scene}.",True
e8aad1a6eb2554706f98a8ed5977a02b,review/archive/images\e8aad1a6eb2554706f98a8ed5977a02b.jpg,https://data.ac-illust.com/data/thumbnails/94/94e844655fe19ee245832daef423637f_t.jpeg,"Illustrations showcasing {People} lifted by {Drone Aircraft} in diverse environments like {Mountains}, {Beaches}, or {Cities}.",True
fe234d334bd43fbab6b9b3bf33fdfdb1,review/archive/images\fe234d334bd43fbab6b9b3bf33fdfdb1.jpg,https://www.thesun.co.uk/wp-content/uploads/2016/09/nintchdbpict000266172911.jpg?w=960,Surprising interactions between {Animals} and {Objects} that mimic their behavior.,True
e662ccd0b2764ab04d4b4ac5d7f3d24f,review/archive/images\e662ccd0b2764ab04d4b4ac5d7f3d24f.jpg,https://lovingitvegan.com/wp-content/uploads/2020/12/Vegan-Ginger-Cookies-Collage-2.jpg,"Visual representation of the {Process} of making {Food Item} from {Raw Material}, illustrating each stage with {Ingredients}, {Tools}, and {Environment}.",True
dfaea76f6feb71af9edc4d6dae028b99,review/archive/images\dfaea76f6feb71af9edc4d6dae028b99.jpg,https://theawesomer.com/photos/2010/06/061510_Anti_Theft_Lunch_Bag_3.jpg,"Visuals highlighting {Food} in different conditions: fresh versus decayed, packaged versus spoiled, or uncooked versus overcooked.",True
fe49aaa60e6b4b13b7a2d795a033f8f7,review/archive/images\fe49aaa60e6b4b13b7a2d795a033f8f7.jpg,https://photos.smugmug.com/photos/i-6vVk9Db/1/L/i-6vVk9Db-L.jpg,"Step-by-step visual representation of the {Subject} performing a {Action}, showing gradual progression from {Starting Position} to {Ending Position}.",True
fc33145f128d8ef9183118b19e6f2245,review/archive/images\fc33145f128d8ef9183118b19e6f2245.jpg,https://s3-media4.fl.yelpcdn.com/bphoto/UctyxHJGKt0wVFMlj7WQtw/o.jpg,"""Creative hair designs featuring geometric patterns and shapes carved into {Hair Style} using {Cutting Technique}.""",True
e30d1402c1b9731e15b14dc9a55b985f,review/archive/images\e30d1402c1b9731e15b14dc9a55b985f.jpg,"https://static.wixstatic.com/media/4b8a3f_cc12307a42f541fe89c7675352630b24~mv2.jpg/v1/fill/w_626,h_417,al_c,q_80,usm_0.66_1.00_0.01/4b8a3f_cc12307a42f541fe89c7675352630b24~mv2.jpg",A musical staff creatively adorned with {Natural Elements} to represent {Pitch} and {Decoration}.,True
e2050b465571deb06ba53dd0702aba84,review/archive/images\e2050b465571deb06ba53dd0702aba84.jpg,"https://iiif.wellcomecollection.org/image/B0009841/full/300,/0/default.jpg","""Illustration of {Person}'s internal thoughts, represented by thought bubbles showing {Thought 1}, {Thought 2}, {Thought 3}.""",True
df3d12e5c87e8438665b166b37a72fa1,review/archive/images\df3d12e5c87e8438665b166b37a72fa1.jpg,"https://lumiere-a.akamaihd.net/v1/images/pt_disneymagicmoments_learntosketchwickettheewok_20003_89bad6ca.jpeg?region=0,0,600,450","""Step-by-step drawing process of a {Character} with progressive refinement of {Features} and final touches for {Details}.""",True
eb354b7696549fd097a044a80db7828f,review/archive/images\eb354b7696549fd097a044a80db7828f.jpg,https://cdn.shopify.com/s/files/1/0027/3229/4213/products/Doors_Collage_label_resized_grande.jpg?v=1613197726,"A collection of diverse {Objects} highlighting unique designs, patterns, and tones in an artistic arrangement.",True
e602b6e92f6c54573e1bb4ad48667e69,review/archive/images\e602b6e92f6c54573e1bb4ad48667e69.jpg,http://cute-n-tiny.com/wp-content/uploads/2010/05/cute-penguin-bento-400x300.jpg,Imaginative food arrangements transforming {Ingredients} into recognizable {Shapes} or {Characters}.,True
ea45a82b83357e43752e1b7a8a25cbcc,review/archive/images\ea45a82b83357e43752e1b7a8a25cbcc.jpg,https://images.squarespace-cdn.com/content/v1/568690b01115e06a4a17acb2/1460042078287-KTISYPZFN6IT6OG0S09Q/ke17ZwdGBToddI8pDm48kKAGTuyRrJpg8i89wxVwO71Zw-zPPgdn4jUwVcJE1ZvWQUxwkmyExglNqGp0IvTJZamWLI2zvYWH8K3-s_4yszcp2ryTI0HqTOaaUohrI8PIiW8y5t8kg646_0F5HXcvvr92gLiLlAnATZlcXk7d9qwKMshLAGzx4R3EDFOm1kBS/Tips+for+Moving+With+Kids,People wearing {Cardboard Boxes} creatively transformed into {Faces} while surrounded by {Objects} that mimic smiles and expressions.,True
f23bf5d2a19e110ad7e0e6c9f3b67125,review/archive/images\f23bf5d2a19e110ad7e0e6c9f3b67125.jpg,https://pix.avax.news/avaxnews/06/9f/00059f06_medium.jpeg,Ingenious editing merging {Scene} with {Figures} into imaginative or surreal visuals.,True
ece780da732cddd0812c30257270852a,review/archive/images\ece780da732cddd0812c30257270852a.jpg,https://media01.stockfood.com/previews/MjIzNDA4OA==/00186174-Food-collage-Vegetable-face-on-plate.jpg,"""Creative use of {Food Items} to form a {Face} with elements like {Eyes}, {Nose}, and {Mouth}.""",True
e2c548634699e005593eff2f73406127,review/archive/images\e2c548634699e005593eff2f73406127.jpg,https://cdn11.bigcommerce.com/s-t5mzvifm/images/stencil/760x760/products/472/685/1BACFPT42-a__53881.1463085504.jpg?c=2,"A {Tree} shape crafted from {Fruits}, with an array of {Colors} and {Types} arranged at the base.",True
ed7babd29e13995276c81cbb4bd1c9b5,review/archive/images\ed7babd29e13995276c81cbb4bd1c9b5.jpg,https://i.pinimg.com/736x/ff/35/a4/ff35a4cba3cfb8a46b54ff78e6fa2c8c--white-swan-life-photo.jpg,Two {Animals} positioned in a way that forms a {Symbolic Shape}.,True
fd170b47807317844cf1df55b1bce272,review/archive/images\fd170b47807317844cf1df55b1bce272.jpg,https://us.123rf.com/450wm/beaubelle/beaubelle1509/beaubelle150900004/44846317-%E7%94%9F%E5%91%BD%E3%81%AE%E6%A8%B9%E3%80%81%E3%83%8F%E3%83%BC%E3%83%88%E5%BD%A2%E3%81%AE%E6%9E%9D%E3%81%A8%E6%A0%B9.jpg?ver=6,"Artwork showing {Tree} with heart-shaped {Leaves} and {Roots}, symbolizing {Love} and {Growth}.",True
e439da05427b410c1f832742dc38c5a8,review/archive/images\e439da05427b410c1f832742dc38c5a8.jpg,http://static7.depositphotos.com/1006480/683/v/950/depositphotos_6838608-Set-of-Colorful-Art-Pencils.jpg,A collection of {Objects} arranged in a circular formation with varying {Colors} or {Patterns}.,True
ee088e8ba7490d514a454d4a214d460b,review/archive/images\ee088e8ba7490d514a454d4a214d460b.jpg,https://2img.net/h/jebeurrematartine.files.wordpress.com/2013/02/vincent-van-gogh-skull-of-a-skeleton-with-burning-cigarette1.jpg,Creative portraits of {Subject} showcasing an artistic rendering of a {Fossilized Object}.,True
f7a29de93eda4fe16ad3de37aa5fe409,review/archive/images\f7a29de93eda4fe16ad3de37aa5fe409.jpg,https://i.pinimg.com/736x/e8/36/2f/e8362f3983a8020d5be7d9bd47e5b5af.jpg,Artistic representation of {Fruits} and {Vegetables} arranged into a {Face} design on a plate.,True
fe05e6387b964f284f221faf825a46cb,review/archive/images\fe05e6387b964f284f221faf825a46cb.jpg,https://streetartutopia.com/wp-content/uploads/2015/08/Street-Art-by-Nikita-Nomerz-A-Collection-5.jpg,Creative mural work on {Surface} featuring a {Theme} face or {Character}.,True
ff201a6ef034350aa47ab0361aec9f93,review/archive/images\ff201a6ef034350aa47ab0361aec9f93.jpg,https://us.123rf.com/450wm/lonely11/lonely111307/lonely11130700014/20920832-sombrero-and-mustache-mexican-accessories--illustration-contains-transparency-and-blending-effects.jpg,Illustrations of {Symbol} fused with an imaginative {Face} to create unique {Concepts}.,True
fb36b184aa8814e41f726fc180c809a8,review/archive/images\fb36b184aa8814e41f726fc180c809a8.jpg,https://cdn2.tass.ru/fit/1000x1000_ad2ec9e9/tass/m2/en/uploads/i/20160301/1125846.jpg,"Scenarios portraying {Person 1} and {Person 2} in contrasting {Action 1} and {Action 2}, showcasing differences in {Environment} and {Behavior}.",True
fe4867b5ea44175f71d90824f3524789,review/archive/images\fe4867b5ea44175f71d90824f3524789.jpg,https://cdn.shopify.com/s/files/1/0023/8950/8132/products/PVC_Grey_Gradient_cropped_450x.jpg?v=1539704958,"Innovative {Object} designed for holding {Flower}, showcasing a unique design and artistic flair.",True
f6c88e4c4d36e348f9338f11ea3c8a45,review/archive/images\f6c88e4c4d36e348f9338f11ea3c8a45.jpg,https://us.123rf.com/450wm/theblackrhino/theblackrhino1504/theblackrhino150400191/38545617-finger-over-blender-button-with-scared-person-in-jar.jpg?ver=6,Visuals depicting {Action} carried out with the help of a {Object}.,True
e7c44a402383f0881f075fa7fdde6888,review/archive/images\e7c44a402383f0881f075fa7fdde6888.jpg,https://i.pinimg.com/736x/3a/af/5f/3aaf5f713ce6f1576e86f0c5b8f90885--christmas-eve-christmas-parties.jpg,Creative use of {Food Items} to form the shape of a {Christmas Tree}.,True
ed625aa0509fe6000176bc2f4ffa760e,review/archive/images\ed625aa0509fe6000176bc2f4ffa760e.jpg,http://1.bp.blogspot.com/_Fzq94YVbHHM/SSFlv4O2phI/AAAAAAAAVRo/e_F63hKUURI/s400/food-art-05.jpg,A unique fusion of {Vegetables} shaped into imaginative {Animals}.,True
ff10fe10c167bea8bce09c43b6d2a48d,review/archive/images\ff10fe10c167bea8bce09c43b6d2a48d.jpg,https://us.123rf.com/450wm/dutourdumonde/dutourdumonde1603/dutourdumonde160300018/55314867-old-hill-street-police-station-historic-building-in-singapore-neo-classical-style-building-with-colo.jpg?ver=6,Artistic depiction of {Structure} adorned with bold {Colors} in various patterns or designs.,True
f54e3fefe4206f79a3b37bfac1db08c8,review/archive/images\f54e3fefe4206f79a3b37bfac1db08c8.jpg,https://img2.goodfon.com/wallpaper/big/b/26/fon-trava-listya-cvety-belye.jpg,A creative display of {Flowers} forming a {Symbol}.,True
e8827721df325f4fc220b1d339e894ab,review/archive/images\e8827721df325f4fc220b1d339e894ab.jpg,https://us.123rf.com/450wm/serg788/serg7881511/serg788151100221/48446281-vegetable-rabbit-on-blue-plate-on-wooden-background.jpg?ver=6,A playful arrangement of {Food Items} shaped into a {Animal}.,True
f8cf828cc20d191a97f47d958a8eb85a,review/archive/images\f8cf828cc20d191a97f47d958a8eb85a.jpg,https://img0.etsystatic.com/002/0/7046480/il_570xN.359498852_of9d.jpg,Arrangement of {Utensils} into a {Conceptual Structure} with imaginative designs.,True
e255b2c5d74978e6e5e70df7e43836d0,review/archive/images\e255b2c5d74978e6e5e70df7e43836d0.jpg,https://img1.etsystatic.com/203/0/5236506/il_340x270.1263092685_78ni.jpg,A heart-shaped arrangement made with {Objects} of different {Colors} and {Shapes}.,True
f48803128c90f0822b13f5611616e69a,review/archive/images\f48803128c90f0822b13f5611616e69a.jpg,https://g.foolcdn.com/image/?url=https%3A%2F%2Fg.foolcdn.com%2Feditorial%2Fimages%2F457228%2Fsenior-with-mag-glass-gettyimages-92378338.jpg&amp;w=700&amp;op=resize,"""Close-up view of a {Person} using a {Magnifying Glass} to examine {Object}.""",True
ed37c80a0e6c075411432da61a49799a,review/archive/images\ed37c80a0e6c075411432da61a49799a.jpg,https://us.123rf.com/450wm/akz/akz1505/akz150502751/40341572-portrait-of-little-smiling-blonde-boy-child-holding-photo-frame-framing-his-face-studio-shot-isolate.jpg?ver=6,People framing their {Face} with a {Frame}.,True
e9f1105995cfa1ba8673317081ddfd59,review/archive/images\e9f1105995cfa1ba8673317081ddfd59.jpg,https://us.123rf.com/450wm/imagesourceprem/imagesourceprem1706/imagesourceprem170664785/82214248-aerial-view-of-friends-lying-in-star-shape-on-sand.jpg?ver=6,"""Group of {People} forming a {Shape} on the ground using {Object}.""",True
ed3d84c842377464f884c300e72912c5,review/archive/images\ed3d84c842377464f884c300e72912c5.jpg,https://s3.amazonaws.com/freestock-prod/450/freestock_58144744.jpg,A group of {People} arranged in a circular formation around a central {Object}.,True
fe03ca2d30f62aea0ca87c897b594c63,review/archive/images\fe03ca2d30f62aea0ca87c897b594c63.jpg,https://us.123rf.com/450wm/magicleaf/magicleaf1812/magicleaf181205589/113408737-vector-illustration-of-insect-and-fly-logo-collection-of-insect-and-element-stock-symbol-for-web-.jpg?ver=6,An array of {Object} designs featuring different {Style} and {Color} elements.,True
ff94486f2fb662ef963bb3c9d62a8e65,review/archive/images\ff94486f2fb662ef963bb3c9d62a8e65.jpg,"https://images-wixmp-ed30a86b8c4ca887773594c2.wixmp.com/f/330850b0-94df-44eb-a396-938a7de99d11/d3dgwdl-cd3fb11c-5415-4e0c-b101-0fee5656cde9.jpg/v1/fill/w_900,h_598,q_75,strp/3d_origami_pikachu_by_ibeautylovely-d3dgwdl.jpg?token=eyJ0eXAiOiJKV1QiLCJhbGciOiJIUzI1NiJ9.eyJpc3MiOiJ1cm46YXBwOjdlMGQxODg5ODIyNjQzNzNhNWYwZDQxNWVhMGQyNmUwIiwic3ViIjoidXJuOmFwcDo3ZTBkMTg4OTgyMjY0MzczYTVmMGQ0MTVlYTBkMjZlMCIsImF1ZCI6WyJ1cm46c2VydmljZTppbWFnZS5vcGVyYXRpb25zIl0sIm9iaiI6W1t7InBhdGgiOiIvZi8zMzA4NTBiMC05NGRmLTQ0ZWItYTM5Ni05MzhhN2RlOTlkMTEvZDNkZ3dkbC1jZDNmYjExYy01NDE1LTRlMGMtYjEwMS0wZmVlNTY1NmNkZTkuanBnIiwid2lkdGgiOiI8PTkwMCIsImhlaWdodCI6Ijw9NTk4In1dXX0.kjwEeJcTmOrgFv5gvxPE_Pr9wF8muWQaagwsH9kYyt0",An intricately folded {Paper} origami creation shaped like a {Character/Animal}.,True
ec46ab4c0047376101de83dd39032dfc,review/archive/images\ec46ab4c0047376101de83dd39032dfc.jpg,https://live.staticflickr.com/65535/49029286312_9d3ddb5e9c_b.jpg,"""Group photo of {Group} arranged in a {Shape} formation on a {Background}.""",True
ee7f5a3836e221d28c962845e6143e61,review/archive/images\ee7f5a3836e221d28c962845e6143e61.jpg,https://us.123rf.com/450wm/namiros/namiros1608/namiros160800136/61134739-tangerines-in-a-heart-on-white-background.jpg?ver=6,Creative use of {Fruit} slices to form a {Shape}.,True
f9a513c153a0dbecd1973de3a55e70ea,review/archive/images\f9a513c153a0dbecd1973de3a55e70ea.jpg,https://4.bp.blogspot.com/-X751b7p8bsU/VN8KNc-5Q9I/AAAAAAAAOpk/T-xSSoKP2WE/s1600/Roxy%2Bwith%2Bher%2Bpainting.jpg,Side-by-side view of the real {Subject} and their {Portrait/Representation} on canvas.,True
e70a0c9405880aa5878cf9b6113e70b0,review/archive/images\e70a0c9405880aa5878cf9b6113e70b0.jpg,https://petapixel.com/assets/uploads/2013/04/andydayparkour-12.jpg,"Photos showcasing {Action} on {Surface}, with {Shadow} emphasizing the motion against the background.",True
ed4e56476e4d0b60f47f65e85f6f64cb,review/archive/images\ed4e56476e4d0b60f47f65e85f6f64cb.jpg,https://i1.pickpik.com/photos/386/261/100/flowers-tree-harmony-harmonious-thumb.jpg,Creative tree designs using {Flowers} arranged to form a {Shape}.,True
e21d6504d352830ab076256736f498d7,,https://photos.smugmug.com/Trips/2015-Portland/i-k7Z5sR8/6/c588a0ff/S/Lunar%20Eclipse%206%20Sequence-S.jpg,"The progression of {Celestial Event} across its stages, including changes in {Appearance}, {Color}, and {Moon/Planet Position}.",False
e4402b2e7348f555b141c775291a2957,review/archive/images\e4402b2e7348f555b141c775291a2957.jpg,https://us.123rf.com/450wm/vsurkov/vsurkov1310/vsurkov131000013/23018109-burning-match-in-hand-near-the-model-of-the-house.jpg?veru003d6,Fire is ignited from a {Match} to form a {Scene/Object}.,True
f80a40b6e61d3c2f7bcbae17bace605c,review/archive/images\f80a40b6e61d3c2f7bcbae17bace605c.jpg,https://us.123rf.com/450wm/andreykuzmin/andreykuzmin1905/andreykuzmin190500015/125553640-coffee-cup-on-plate-in-human-head-form.jpg?ver=6,Creative presentation of {Object} positioned within the framework of a {Surface/Frame}.,True
e8fc52caa53182790a51f53330131d68,review/archive/images\e8fc52caa53182790a51f53330131d68.jpg,https://files.rapidlms.com/view/59/c8/ab/e5/80/1e/4b/08/44/ce/d2/3b/f7/70/61/de/1600x800%3E/cannabis-community.jpg,A gathering of {People} forming a {Shape}.,True
f031e302107087880f5c64cee7fb37ca,review/archive/images\f031e302107087880f5c64cee7fb37ca.jpg,https://us.123rf.com/450wm/ja_rek/ja_rek1011/ja_rek101100025/8188807-assortment-of-happy-vegetable-smileys-isolated-on-white-background.jpg?ver=6,Creative illustrations featuring {Fruits} or {Vegetables} with human-like faces and expressive emotions.,True
e6235160e49c87ec11fff7aa511ec911,review/archive/images\e6235160e49c87ec11fff7aa511ec911.jpg,https://images.squarespace-cdn.com/content/v1/543ed1cee4b0a72b21da5e0a/1451600469628-762O5GFCY9IQC8AHK0KQ/ke17ZwdGBToddI8pDm48kFbzmASxcsWEU4oU9a9gzet7gQa3H78H3Y0txjaiv_0fDoOvxcdMmMKkDsyUqMSsMWxHk725yiiHCCLfrh8O1z5QPOohDIaIeljMHgDF5CVlOqpeNLcJ80NK65_fV7S1UbMxqxN5wFzRuc4HCy_jEs_5hZyyCt4FpQCxuTKeIL438iJrR9MMstkyXSawB1quaQ/image-asset.jpeg,"Dynamic motion captured as {Subject} moves past {Background/Landscape}, with intentional camera movement for a blurred effect.",True
f9e159e97723f6fdb3a8dc55692c1954,review/archive/images\f9e159e97723f6fdb3a8dc55692c1954.jpg,https://www.freshcup.com/wp-content/uploads/2017/07/NYC_CoffeeBook_1014x576-894x372.jpg,"Beautiful latte art patterns made with {Flavor} and {Milk}, showcasing intricate designs like {Theme} in a {Container}.",True
ee5703f7c56b8022166f393e7143a421,review/archive/images\ee5703f7c56b8022166f393e7143a421.jpg,https://ae01.alicdn.com/kf/HTB1sTQXLFXXXXalXXXXq6xXFXXXr/1-set-Wooden-Craft-Deer-Display-Furniture-Drawer-Wardrobe-For-Home-Study-Decoration-TM002M-Green-Black.jpg,"A unique {Animal} design crafted from wooden panels, featuring integrated {Drawers} for practicality.",True
f910f8cd550d71199357803316171d8e,review/archive/images\f910f8cd550d71199357803316171d8e.jpg,https://s.hdnux.com/photos/33/73/21/7320648/3/920x920.jpg,"Visual representation of the {Cycle} of the {Object}, showcasing the sequence of phases or transformations step by step.",True
fe5f295c87c466df6e471eea9d2e313f,review/archive/images\fe5f295c87c466df6e471eea9d2e313f.jpg,https://ae01.alicdn.com/kf/HTB16MyQPVXXXXbsXVXXq6xXFXXXy/Custom-3D-Wall-Murals-Wallpaper-3D-Stereoscopic-White-Horse-Brick-Wall-Art-Mural-Living-Room-Bedroom.jpg,"""{Animal} breaking through a {Surface/Mural} and entering a new {Environment/Scene}""",True
f55b60c9a935834ea147badeb2553e73,review/archive/images\f55b60c9a935834ea147badeb2553e73.jpg,https://images-wixmp-ed30a86b8c4ca887773594c2.wixmp.com/f/bae76985-7a1a-49e4-b25f-b851e73cd15d/dchzfag-50188a71-a559-455f-9ba0-9d12218df60a.png?token=eyJ0eXAiOiJKV1QiLCJhbGciOiJIUzI1NiJ9.eyJpc3MiOiJ1cm46YXBwOjdlMGQxODg5ODIyNjQzNzNhNWYwZDQxNWVhMGQyNmUwIiwic3ViIjoidXJuOmFwcDo3ZTBkMTg4OTgyMjY0MzczYTVmMGQ0MTVlYTBkMjZlMCIsImF1ZCI6WyJ1cm46c2VydmljZTpmaWxlLmRvd25sb2FkIl0sIm9iaiI6W1t7InBhdGgiOiIvZi9iYWU3Njk4NS03YTFhLTQ5ZTQtYjI1Zi1iODUxZTczY2QxNWQvZGNoemZhZy01MDE4OGE3MS1hNTU5LTQ1NWYtOWJhMC05ZDEyMjE4ZGY2MGEucG5nIn1dXX0.f86XCIV_hnnE8LWksDCYsNW5Pk8Tc7iep4er-xnHpAA,"Follow the detailed development of {Subject} as it progresses from rough sketches to polished final art, incorporating fine details and precise proportions.",True
f8a6c5cbf5bf73168b9d24964898fafa,review/archive/images\f8a6c5cbf5bf73168b9d24964898fafa.jpg,https://www.thisiscolossal.com/wp-content/uploads/2012/03/ana-4.jpg,"Creative depictions of {Object} that mimic motion, showing the trajectory of {Objects} as they interact with each other in a visual way.",True
ef9cce39539e6545635d41013855be35,review/archive/images\ef9cce39539e6545635d41013855be35.jpg,https://cdn.mycrafts.com/i/1/7/3/how-to-draw-a-room-in-1-point-hJhR-m.jpg,A one-point perspective drawing showcasing {Drawing} with depth and realistic proportions using {Tools} and {Paper}.,True
e0077c41c38d5e6857a4d343c0cbc889,review/archive/images\e0077c41c38d5e6857a4d343c0cbc889.jpg,https://i0.wp.com/s2.storage.snapzu.com/b8/2d/a3/45/Maternitus/snaps/a4/7e/185241/thumbs/61bb37facb6d21a1_fpi_large.jpg,"A transformation story of {Subject} from its initial state to a refined, enhanced version, emphasizing changes in {Appearance}, {Design}, or {Function}.",True
df6db38edb975f96046c8125ef475fa4,review/archive/images\df6db38edb975f96046c8125ef475fa4.jpg,https://assets3.thrillist.com/v1/image/2423442/414x310/crop;jpeg_quality=60;progressive.jpg,A visual display of {Object} designed with a mix of {Variation} and {Theme}.,True
e939f5076e4f65fbe99e44e175df3b76,review/archive/images\e939f5076e4f65fbe99e44e175df3b76.jpg,https://lh3.googleusercontent.com/dVJ9Z1-J2nmgZs66oKz3RSyf3fUJvL54ei5gRI2Zt-Qr3e0NXaU0YzWq5SoEL3ANfOmH0E-dm7R0OjBRct-Uyb4=s270-c,Two {Animals} riding on a {Watercraft} in the waves of the ocean.,True
ecf449c9866dc5eb843a212c3f49ccc9,review/archive/images\ecf449c9866dc5eb843a212c3f49ccc9.jpg,https://us.123rf.com/450wm/blulilues/blulilues1603/blulilues160300006/53276138-vector-image--a-set-of-products-for-the-preparation-of-national-soup-is-borscht.jpg?ver=6,The creation of {Food} through the combination of {Raw Ingredients} in a {Cooking Process}.,True
ef99b0d40cc703687e90a4383c2e66ec,review/archive/images\ef99b0d40cc703687e90a4383c2e66ec.jpg,http://us.123rf.com/450wm/jordygraph/jordygraph1305/jordygraph130500038/19900109-tree-in-the-shape-of-heart-hit-from-a-lightning.jpg,A {Tree} shaped like a {Symbol} in a {Background} setting.,True
f8ae57beb301f3c302361044d6a89e49,review/archive/images\f8ae57beb301f3c302361044d6a89e49.jpg,https://us.123rf.com/450wm/claudiodivizia/claudiodivizia0912/claudiodivizia091200857/6136627-collage-of-food-isolated-over-white-background.jpg?ver=6,"An assortment of diverse {Food Items} organized by {Type}, {Ingredient}, or {Theme}.",True
f104ebebe210b9a7cb9addedc0d03100,review/archive/images\f104ebebe210b9a7cb9addedc0d03100.jpg,https://i.imgur.com/JDQTAr.jpg,A unique design showing {Animal 1} with its head merged into the body of {Animal 2}.,True
f84e693f9be137de582463b538a9a065,review/archive/images\f84e693f9be137de582463b538a9a065.jpg,https://us.123rf.com/450wm/maritime/maritime1604/maritime160400049/55599107-birch-leaf-isolated-elements-for-design-on-a-white-background-vector-set-hand-drawn-illustration.jpg?ver=6,"Different styles and shades of {Object} are displayed, ranging from solid colors to detailed outlines and bold silhouettes.",True
fafba6a66cf67dfc260e01ddaf157b40,review/archive/images\fafba6a66cf67dfc260e01ddaf157b40.jpg,https://img.freepik.com/free-photo/ball-floating-around-podium-pastel-pink-background-product-presentation-advertising-3d-rendering_34478-308.jpg?size=626&ext=jpg,"A visual representation of {Object} interacting with {Floating Elements}, emphasizing the concept of {Action}.",True
e9b34df47d5603d8e1219d9fc02039f1,review/archive/images\e9b34df47d5603d8e1219d9fc02039f1.jpg,https://p1.liveauctioneers.com/1221/131746/67098102_1_x.jpg?version=1544025970&amp;format=pjpg&amp;auto=webp&amp;quality=50,Creative representation of {Human Characters} interacting with {Animals} in artistic and imaginative styles.,True
e1644c0337b88924fc56eef4638c1f91,review/archive/images\e1644c0337b88924fc56eef4638c1f91.jpg,https://pix.avax.news/avaxnews/be/1a/00011abe_medium.jpeg,Artistic depictions of {Animal} creatively fused with everyday {Objects} into one-of-a-kind designs.,True
f66447c31f7cdea1b76e4d04b61eafb1,review/archive/images\f66447c31f7cdea1b76e4d04b61eafb1.jpg,https://us.123rf.com/450wm/morrbyte/morrbyte0911/morrbyte091100031/5892581-a-romantic-love-heart-inscribed-on-the-beach-with-waves-in-the-background-on-a-hot-sunny-day.jpg?ver=6,A heart shape crafted with {Material} on a {Surface}.,True
e995bf12825a7c078c81d0285370e5c9,review/archive/images\e995bf12825a7c078c81d0285370e5c9.jpg,https://blog.medillsb.com/wp-content/uploads/2019/07/step-by-step-everlasting-sweet-pea-botanical-illustration-3.jpg,"""Process of drawing and coloring a detailed {Subject} using a reference {Object} for precise details.""",True
fed9fc9fae675ca840f42c9e34601329,review/archive/images\fed9fc9fae675ca840f42c9e34601329.jpg,https://images-na.ssl-images-amazon.com/images/I/81k97bXKbIL._AC_SL1500_.jpg,"""Step-by-step instructions for using {Object} to achieve {Action}, illustrated with multiple stages of {Process}.""",True
e9059a0f6a75a3c71ef8fdd2b599b839,review/archive/images\e9059a0f6a75a3c71ef8fdd2b599b839.jpg,https://us.123rf.com/450wm/dmstudio/dmstudio1902/dmstudio190200036/124987922-vector-set-of-pans-with-small-pancakes-fried-egg-omelet-and-grilled-sausages-collection-of-breakfast.jpg?ver=6,"Different cooking stages of {Food Item} in {Utensil}, including {Ingredient 1}, {Ingredient 2}, {Ingredient 3}, {Ingredient 4}.",True
ff288b61c1b42db67dba426d14ddab1b,review/archive/images\ff288b61c1b42db67dba426d14ddab1b.jpg,https://lh5.googleusercontent.com/-rK4-XIhLeZc/TkE64UriCNI/AAAAAAAAA-Q/59WLu17XPSY/s800/tap-water-ipod-iphone-stand.jpg,Innovative use of {Material} to attach a {Device} securely onto a {Surface}.,True
e6a4c118dc80a2c4835737319d43ca4b,review/archive/images\e6a4c118dc80a2c4835737319d43ca4b.jpg,https://frakerfire.com/wp-content/uploads/2021/04/Facts-About-Fire-Spread-You-May-Have-Not-Known-e1618426343904.jpg,"""Progression of {Object} from initial state to final state, illustrated by incremental changes in {Appearance}.""",True
fa47ad7edf121b34a95477cd08191028,review/archive/images\fa47ad7edf121b34a95477cd08191028.jpg,http://ak1.ostkcdn.com/images/products/10240491/Kitten-Ice-Cream-Cone-Zip-around-Wallet-6f114edc-3528-490b-9496-ac8d38843e22_600.jpg,"A unique design of {Object} shaped like a stacked arrangement of {Variation 1}, {Variation 2}, and {Variation 3}.",True
e6598661363f0501e69101ee159e317b,review/archive/images\e6598661363f0501e69101ee159e317b.jpg,https://www.viesdecouleurs.fr/wp-content/uploads/2016/03/Fotolia_99671851_XS.jpg,A heart-shaped {Tree} rising from a {Background} to embody love or nature.,True
f053de6fca4190f2f7578a83daa3547c,review/archive/images\f053de6fca4190f2f7578a83daa3547c.jpg,https://cdn1.eyeem.com/thumb/b10209a4f5970c17543cedb93937a37df26309e3-1478965824996/w/700,"A {Shadow} cast on the surface by a {Object}, emphasizing depth and contrast.",True
fbef00d09d05a527eb908a2dd887f44b,review/archive/images\fbef00d09d05a527eb908a2dd887f44b.jpg,"https://static.wixstatic.com/media/nsplsh_5433536e57676761785777~mv2.jpg/v1/fill/w_1000,h_750,al_c,q_90,usm_0.66_1.00_0.01/nsplsh_5433536e57676761785777~mv2.jpg",Creative use of {Shadow} to portray the form and texture of {Object} on a {Surface}.,True
ea131676b6beb34de454ae471060899b,review/archive/images\ea131676b6beb34de454ae471060899b.jpg,https://forestwoodfolkart.files.wordpress.com/2016/10/p1000902-2.jpg,"Reflective water surfaces highlight symmetrical arrangements of {Buildings} in a row, producing clean and mirrored designs.",True
e7edc491e400dfd63ed69de5aefdc002,review/archive/images\e7edc491e400dfd63ed69de5aefdc002.jpg,https://i1.wp.com/blovelyevents.com/wp-content/uploads/2017/04/Cactus-Cake-Pops-SO-Cute-for-Cinco-De-Mayo.jpg?resize=650%2C673,"Arrangement of {Food} shaped like {Fruits}, {Beverages}, or {Animals}.",True
ef958172d693489727ea59ad947aea84,review/archive/images\ef958172d693489727ea59ad947aea84.jpg,https://connieselleccablog.files.wordpress.com/2016/06/peanut-butter-and-grapes-wp.jpg?w=529,Creative presentation of {Food Item 1} and {Food Item 2} to resemble a {Shape}.,True
f41ac4c9320a5cdd405a68c1c09e9081,review/archive/images\f41ac4c9320a5cdd405a68c1c09e9081.jpg,https://us.123rf.com/450wm/serazetdinov/serazetdinov1411/serazetdinov141100024/33532965-illustration-of-a-four-seasons.jpg?ver=6,Illustrated representation of {Seasons} featuring a {Tree} in four distinct {Scenes} with varying {Colors} and {Elements}.,True
e291af82274868828f158594ef94fb55,review/archive/images\e291af82274868828f158594ef94fb55.jpg,https://i.pinimg.com/736x/e4/a6/51/e4a651e69ad6908e101bbf71e4c59708.jpg,"A whimsical arrangement of {Object} imitating a tree, with creative touches like {Material} for branches and {Item} for leaves.",True
e79ae1196097a1e758d42426856eae47,review/archive/images\e79ae1196097a1e758d42426856eae47.jpg,https://us.123rf.com/450wm/helios8/helios81505/helios8150500053/40076976-human-eye-composed-of-the-tools-and-screw-on-a-dark-background.jpg?ver=6,"A creative composition made using {Recycled Materials}, forming an {Object} with imaginative flair.",True
e41101b86180e9cd957adf83826f9f00,review/archive/images\e41101b86180e9cd957adf83826f9f00.jpg,https://us.123rf.com/450wm/deyangeorgiev/deyangeorgiev1301/deyangeorgiev130100780/17515419-heart-shape-closeup-carved-in-red-apple.jpg,A {Fruit} with a carved-out {Symbol} that resembles a {Character} or {Object}.,True
f14eed629c671ca320414b7bed2dc430,review/archive/images\f14eed629c671ca320414b7bed2dc430.jpg,https://us.123rf.com/450wm/somyoma/somyoma1201/somyoma120100012/12056957-heart-created-by-light-over-black-background.jpg,Light trails forming {Shape} on a dark background with {Color} accents.,True
f7834e45e54bf1730c9beb37302baa5b,review/archive/images\f7834e45e54bf1730c9beb37302baa5b.jpg,https://wonder-life.info:443/wp-content/uploads/2018/05/000-13.jpg,"""Creative presentation of {Food Items} shaped into a {Theme or Character} on a plate.""",True
e1b1cdde809da456dd6ab858a339b3b2,review/archive/images\e1b1cdde809da456dd6ab858a339b3b2.jpg,https://www.picturemosaics.com/photo-mosaic-tool/hotlink.php?file=storage/s3/v2/M8352320/p3/pmt-thumb&e=jpg&s=1,"A picture of a {Person} made from small tiles featuring {Scenes}, {Objects}, or {Animals}.",True
ececb0e026f2bb4c8a2d8ced440f7799,review/archive/images\ececb0e026f2bb4c8a2d8ced440f7799.jpg,https://us.123rf.com/450wm/viktarmalyshchyts/viktarmalyshchyts1202/viktarmalyshchyts120200202/12671095-oranges-and-color-pencils-concept.jpg?ver=6,"A visually striking arrangement featuring {Fruit} and matching {Colors} or {Objects}, representing the hues of {Theme}.",True
f1ff4ab844a704d88cb60740bfed50cc,review/archive/images\f1ff4ab844a704d88cb60740bfed50cc.jpg,https://img.freepik.com/free-photo/customer-service-evaluation-rating-feedback-satisfaction-survey-concept-hand-holding-sad-failed-emoticon-face-wooden-ball-dark-background_36367-2195.jpg?size=626&ext=jpg,"Visual representation of {Object} with evolving {Features} or {Emotions}, illustrating changes in {Theme} or {Feeling}.",True
f844a6ad2a6e9c4e9c1b18804ac753de,,https://edc2.healthtap.com/ht-staging/user_answer/avatars/1309938/large/open-uri20130821-19144-x07ndg.jpeg?1386596227,Creative design of {Tree} with foliage crafted from repeated {Symbol or Object}.,False
ed4908205b43c4e69fcb2172a50661ac,review/archive/images\ed4908205b43c4e69fcb2172a50661ac.jpg,https://us.123rf.com/450wm/stringerphotography/stringerphotography1408/stringerphotography140800469/31009392-a-map-of-the-world-filled-with-a-elephant-pattern.jpg,A world map design incorporating {Pattern} as the background texture in a {Color} setting.,True
fca0947a0bb5636dded2d9d068ead2f0,review/archive/images\fca0947a0bb5636dded2d9d068ead2f0.jpg,http://s3.amazonaws.com/darkroom-cdn/2015/09/AP-APTOPIX-Canada-Daily-Lif-760x506.jpg,Aerial view of a {Group} interacting with their {Leader} in a {Setting}.,True
ecd09e61f99b3ec56c9be9708133860c,review/archive/images\ecd09e61f99b3ec56c9be9708133860c.jpg,http://designingsound.org/wp-content/uploads/2017/05/Translation.jpg,Visual representation of a whole {Fruit} alongside a sliced piece showcasing the inner details and seeds.,True
f861229071c77edcb2cdad5217d3052c,review/archive/images\f861229071c77edcb2cdad5217d3052c.jpg,https://h2orevival.files.wordpress.com/2013/06/water-drop-amazing-beautiful-blue-favim-com-683970.jpg?w=1000,A splash of {Liquid} forming a {Shape} upon impact.,True
fe7b612089322546a93e51d399fa9a64,review/archive/images\fe7b612089322546a93e51d399fa9a64.jpg,https://i.ytimg.com/vi/cFrFGYaQ5Jo/0.jpg,Creative spray paint art blending {Object} with a {Scene/Environment} to form a unique and imaginative design.,True
f1e0f42672aff1a50d9d7f3f8595739e,review/archive/images\f1e0f42672aff1a50d9d7f3f8595739e.jpg,https://cdn.flipboard.com/huffingtonpost.com/829a482af30b3f6828790ffcd06fc013ff316962/original.jpg,"""Arrangement of {Objects} on forks placed vertically, creating a visually appealing pattern.""",True
ebb5408257fe0b7ddad9ca0ccbd9a3d8,review/archive/images\ebb5408257fe0b7ddad9ca0ccbd9a3d8.jpg,https://imgix.bustle.com/uploads/getty/2021/8/24/98075d42-0997-4792-b86b-dcd927305d92-getty-89127926.jpg?w=1020&h=576&fit=crop&crop=faces&auto=format%2Ccompress,"Unique shapes created with {Ingredients} and {Arrangement}, forming creative depictions of {Objects} or {Characters}.",True
ef627e29095ef3964e0e9681577c4868,review/archive/images\ef627e29095ef3964e0e9681577c4868.jpg,https://us.123rf.com/450wm/alphaspirit/alphaspirit1711/alphaspirit171100024/89052361-aerial-view-of-people-forming-the-shape-of-a-christmas-tree-3d-rendering.jpg?ver=6,A gathering of {People} forming a {Shape}.,True
f00c22c8e3adf8001d0c0d59b8db7c61,review/archive/images\f00c22c8e3adf8001d0c0d59b8db7c61.jpg,https://cdn.specialneedstoys.com/products/images/l/9PWFT.jpeg,"A circular arrangement of {Objects} categorized by their {Type}, {Theme}, or {Characteristics}.",True
f03e342598038304a70998b40c77b7f5,review/archive/images\f03e342598038304a70998b40c77b7f5.jpg,https://us.123rf.com/450wm/bialasiewicz/bialasiewicz2007/bialasiewicz200700079/151837837-four-young-women-on-a-therapy-working-in-a-group.jpg?ver=6,Visual representation of {Group} engaging in a {Task/Activity} around a {Object/Subject}.,True
fff8c6048ea8e4744aff3f8b5985393e,review/archive/images\fff8c6048ea8e4744aff3f8b5985393e.jpg,https://us.123rf.com/450wm/6kor3dos/6kor3dos1207/6kor3dos120700083/14520282-3d-person-climbing-stairs-to-join-three-people-waiting-at-the-top.jpg?ver=6,"Visual representation of {Action} leading to {Goal}, depicted by {Subject} climbing {Steps}.",True
e292802cdb81357577a1e87346fe76a5,review/archive/images\e292802cdb81357577a1e87346fe76a5.jpg,https://us.123rf.com/450wm/strekoza/strekoza1008/strekoza100800030/7638768-rabbit-in-sunglasses-isolated.jpg?ver=6,Animals sporting {Accessory} to look like they're wearing {Style},True
e9bbae0e4f3ead3060b916e63593ad9d,review/archive/images\e9bbae0e4f3ead3060b916e63593ad9d.jpg,https://www.spring.org.uk/images/veg_brain.jpg,"""Creative representation of {Brain} made from various {Fruits} and {Vegetables} arranged in a realistic design.""",True
fc385887524ecc8a2d6d0e090e63afa2,review/archive/images\fc385887524ecc8a2d6d0e090e63afa2.jpg,https://us.123rf.com/450wm/artinspiring/artinspiring1909/artinspiring190900199/130768107-cutting-red-tomato-using-a-knife-vegetable-food-fresh.jpg?ver=6,The transformation of {Whole Object} into multiple {Pieces/Segments} is shown through the use of {Tool/Action}.,True
efaf88d95c61c6f8cd7182445c7279d7,review/archive/images\efaf88d95c61c6f8cd7182445c7279d7.jpg,https://i.pinimg.com/736x/ac/ee/c1/aceec1e75328e9cc205b35311a8eeee3--the-simpsons-maxis.jpg,"""Hidden {Object} within a crowd of diverse {People} in a creative and artistic arrangement.""",True
e5a1aa8b1666791f62e65924d65474cf,review/archive/images\e5a1aa8b1666791f62e65924d65474cf.jpg,https://farm4.staticflickr.com/3344/3333486097_2f21dcc969.jpg,A massive gathering of {People} organized in {Arrangement}.,True
ff614f3283a76d9778dd5c11be099b62,review/archive/images\ff614f3283a76d9778dd5c11be099b62.jpg,https://i2.wp.com/www.ninisworld.com/wordpress/wp-content/uploads/2014/02/furniture_9.jpg?w=530&h=708,A stack of {Seating Arrangement} chairs folded for convenient storage.,True
faf49f4a225e86bcd07dbdd1c7ca6c25,review/archive/images\faf49f4a225e86bcd07dbdd1c7ca6c25.jpg,https://img.freepik.com/free-photo/strawberries-splashing-into-water_101945-2149.jpg?size=338&ext=jpg,"The moment {Fruit} hits the water, creating splashes and bubbles against a dark background.",True
e4d8628d8b475bed5210fd7f6dd5fd94,review/archive/images\e4d8628d8b475bed5210fd7f6dd5fd94.jpg,https://worleygig.files.wordpress.com/2013/06/100_2872.jpg?w=571&h=428,A creative display of {Creative Object} made from stacked {Blocks} on a {Background}.,True
f3b7f230282e4d94752423bd1dd5cd24,review/archive/images\f3b7f230282e4d94752423bd1dd5cd24.jpg,https://mangiarebuono.it/wp-content/uploads/2013/10/Fotolia_19415933_Subscription_Monthly_M.jpg,Creative use of {Food Items} to form a representation of {Terrain Features} on a plate.,True
